"X","time","Flow_intake","Flow_TSG","Conductivity_S_m","Fluorescence","FluorescenceUV","O2Concentration_ml_L","pH","salinity_PSU","Temperature_TSG_ITS_90","latitude","longitude"
1,"2024-10-03 15:00:00",999,0.1,0.020501,0.14051500447654,0.342130008953081,6.40605604972684,5.627,0.1106,19.6442217447793,44.6752998484334,63.6081625302001
2,"2024-10-03 16:00:00",999,0.1,0.020699,0.14279813347871,0.3419,6.41271904777955,5.62278627327171,0.111,19.92419,44.6753008333333,63.6081608333333
3,"2024-10-03 17:00:00",999,0.1,0.020699,0.1343,0.325985264229121,6.3721576737253,5.62,0.1109,19.9799700957116,44.6753023333333,63.6081616666667
4,"2024-10-03 18:00:00",999,0.1,0.020798,0.1343,0.33342418483883,6.28965952332135,5.621,0.111,20.1578693698739,44.675302,63.6081603533333
5,"2024-10-03 19:00:00",999,0.1,0.020798,0.1343,0.350341648477255,6.25526679961829,5.6182322464009,0.1107,20.3071771594241,44.6753046666667,63.6081661666667
6,"2024-10-03 20:00:00",999,0.1,0.020897,0.1343,0.333482851528933,6.24045494872033,5.613,0.1108,20.4779,44.6753035,63.608161095
7,"2024-10-03 21:00:00",999,0.1,0.020897,0.1343,0.3053,6.23870338745718,5.609,0.1105,20.63858,44.6753018333333,63.608163
8,"2024-10-03 22:00:00",999,0.1,0.020897,0.138090077895484,0.322119844209033,6.26062193663858,5.605,0.1104,20.67396,44.6753015,63.6081661666667
9,"2024-10-03 23:00:00",999,0.1,0.020897,0.1343,0.3053,6.30536045170134,5.608,0.1108,20.47921,44.6753016666667,63.6081661666667
10,"2024-10-04",999,0.1,0.020798,0.1343,0.32583914784365,6.32904779307598,5.608,0.1105,20.3769183596711,44.6753003333333,63.6081631666667
11,"2024-10-04 01:00:00",999,0.1,0.020699,0.1343,0.3014223727426,6.34741405046766,5.612,0.1102,20.297964372889,44.6753001666667,63.6081636666667
12,"2024-10-04 02:00:00",999,0.1,0.020699,0.1343,0.30975980379553,6.38572173652023,5.612,0.1104,20.20687,44.6753005,63.6081638333333
13,"2024-10-04 03:00:00",999,0.1,0.0206,0.1343,0.293,6.37882871680867,5.611,0.11,20.1635654636013,44.6752996666667,63.6081626666667
14,"2024-10-04 04:00:00",999,0.1,0.0206,0.1343,0.3297,6.39618234567959,5.611,0.1101,20.0896639447874,44.6752986666667,63.6081608333333
15,"2024-10-04 05:00:00",999,0.1,0.020501,0.1343,0.29696876718966,6.39495331321713,5.6126133199958,0.1095,20.13037,44.6753003333333,63.6081655
16,"2024-10-04 06:00:00",999,0.1,0.020501,0.1343,0.309627451094972,6.38392667907339,5.612,0.1093,20.21279,44.675299855,63.6081655
17,"2024-10-04 07:00:00",999,0.1,0.020501,0.1343,0.313236063265579,6.38666524079966,5.612,0.1092,20.27209,44.675302,63.6081678333333
18,"2024-10-04 08:00:00",999,0.1,0.020501,0.14253451068772,0.321769021375441,6.37750908239229,5.612,0.1091,20.32276,44.6753001666667,63.6081665
19,"2024-10-04 09:00:00",999,0.1,0.020501,0.1343,0.325724172305015,6.38343838589566,5.608,0.109,20.35699,44.6753018333333,63.6081678333333
20,"2024-10-04 10:00:00",999,0.1,0.020501,0.1343,0.293,6.37928355821735,5.612,0.109,20.37475,44.6753018333333,63.6081671666667
21,"2024-10-04 11:00:00",999,0.1,0.020501,0.1343,0.297041954057715,6.38551301778464,5.60964307075517,0.109,20.3837196869433,44.6753018006666,63.6081663333333
22,"2024-10-04 12:00:00",999,0.1,0.020501,0.1343,0.293,6.37368526720199,5.613,0.1089,20.4343352438207,44.6753013333333,63.608165
23,"2024-10-04 13:00:00",999,0.1,0.0204350065617249,0.1343,0.2808,6.38523011877338,5.613,0.108466699806691,20.44441,44.6753013333333,63.6081648333333
24,"2024-10-04 14:00:00",999,0.1,0.020402,0.1343,0.3297,6.37385048655456,5.61467098712183,0.1083,20.46937,44.6753075713333,63.6081725476667
25,"2024-10-04 15:00:00",999,0.1,0.020402,0.1343,0.313412182417166,6.37171349275282,5.617,0.1083,20.4428789077806,44.5537096051082,63.5274514229238
26,"2024-10-04 16:00:00",999,0.1,0.020402,0.1343,0.301277755293057,6.968341944108,5.10168933781491,0.1083,20.4711037647597,44.3836449766646,63.4563866893325
27,"2024-10-04 17:00:00",999,0.1,0.020402,0.1343,0.293,4.88506324854482,4.501,0.1082,20.47595,44.2635352148328,63.3164341951616
28,"2024-10-04 18:00:00",999,0.1,0.020402,0.142357108593599,0.309180259060916,6.30995856042248,4.3213020936859,0.1081,20.56648,44.2502900043329,63.1650861593346
29,"2024-10-04 19:00:00",999,21.7443089448623,4.07540850923128,0.407066211667002,1.5263,5.13904503326227,8.13129253620205,31.0519219101366,17.4636024598593,44.1777769199991,63.1430344366663
30,"2024-10-04 20:00:00",999,21.7759842333986,4.08358735967085,0.5819121222897,1.4613757554206,5.13592917816465,8.129,31.1665626925341,17.4048500099946,44.0115290560051,63.0894292120018
31,"2024-10-04 21:00:00",999,22.2544468429964,4.09555627132284,0.5617,1.42059887613602,5.13224241699149,8.13037668070033,31.3053246638599,17.35704,43.8415606966994,63.0354190525533
32,"2024-10-04 22:00:00",999,22.4318897586058,4.11467249860201,0.581854088778825,1.38822662499334,5.11586571826009,8.133,31.406404407653,17.4368696968366,43.6769408435109,62.9563310990994
33,"2024-10-04 23:00:00",999,22,4.13285589331662,0.529245934053942,1.37174593405394,5.09512969275502,8.137,31.5049215780948,17.50928,43.544766709665,62.8925883189993
34,"2024-10-05",999,22.3718226616953,4.14402632149274,0.517067429299897,1.4042,5.07564516402729,8.142,31.5403448525008,17.5859424382833,43.4132025525513,62.8276507926254
35,"2024-10-05 01:00:00",999,22.1771653909161,4.19190818463781,0.464,1.32660962203333,5.07089961681775,8.147,31.9955076615448,17.5246121024146,43.2803221200004,62.7647201666668
36,"2024-10-05 02:00:00",999,22.126829262974,4.27904374518802,0.361950328844107,1.24974967115589,5.02483595546343,8.15142612169046,32.3890165903387,17.962176418857,43.1466818739961,62.7009433464983
37,"2024-10-05 03:00:00",999,22.2800000190735,4.15514949969603,0.423042468574317,1.3553,5.11225884973988,8.147,31.8049273854581,17.3683077875394,43.0062717739492,62.6330583211938
38,"2024-10-05 04:00:00",999,22.4251798516728,4.19676605300972,0.407219663823608,1.3187,5.04759538934891,8.156,32.0218062212416,17.5437736867314,42.8786603516709,62.5708664100018
39,"2024-10-05 05:00:00",999,22.3913043343052,4.45545003161078,0.32534529823336,1.2088,4.89226815127046,8.17542777107103,33.1508215286161,18.8630001760453,42.7555669966696,62.5121063433346
40,"2024-10-05 06:00:00",999,22.7,4.63544391305151,0.264219001749843,1.15211690807188,4.74263127915996,8.1894363928689,33.7633513687521,19.9484851691731,42.6333912291688,62.4584934041675
41,"2024-10-05 07:00:00",999,22.4,4.68913526125654,0.264212002226703,1.1355,4.69024864029345,8.191,33.9648079015846,20.2414195339444,42.498351641669,62.3908142293345
42,"2024-10-05 08:00:00",999,21.866463397053,4.587064,0.2808,1.15216087202059,4.76728503304622,8.184,33.6272,19.62513,42.3628235460013,62.3276814183339
43,"2024-10-05 09:00:00",999,21.8771149694814,4.45423724825303,0.2808,1.16771653044717,4.82672356636008,8.173,32.9636717447591,19.0850962133452,42.2313534773335,62.2638535133334
44,"2024-10-05 10:00:00",999,22.2133004902966,4.437806,0.3297,1.1644794974437,4.82578436981284,8.163,32.7503,19.18312,42.1018396455,62.1954309821667
45,"2024-10-05 11:00:00",999,22.2,4.44036444898064,0.3219913964331,1.1799086035669,4.82216425218448,8.16484073624307,32.7556686674762,19.20317,42.1044420893333,62.1983374346668
46,"2024-10-05 12:00:00",999,22.4,4.51613446357672,0.2808,1.15674184212537,4.77930521680397,8.176,33.2151047561755,19.41147,42.1039921091666,62.4099827203367
47,"2024-10-05 13:00:00",999,22.1,4.40797555963458,0.2808,1.17988887109758,4.84757358834028,8.159,32.6754479058657,18.9650746669465,42.092187654488,62.6478401601551
48,"2024-10-05 14:00:00",999,22.1,4.50052984147945,0.224346719859446,1.1844,4.82212520974043,8.16886340977846,33.187005742793,19.2852611525559,42.0905503453454,62.8880844254292
49,"2024-10-05 15:00:00",999,22.21240159074,4.42222292563691,0.2198,1.16456711707239,4.86253630051025,8.159,32.7423733200318,19.0298749641782,42.0836695915915,63.1330674649692
50,"2024-10-05 16:00:00",999,22.2953999996185,4.520661,0.2564,1.16,4.77529021704922,8.171,33.1396,19.55327,42.0875206889999,63.394362874664
51,"2024-10-05 17:00:00",999,22.3483267639161,4.62533345913256,0.2198,1.16300883494435,4.73308786066304,8.174,33.6244135022805,20.0190346370931,42.0930204564563,63.6576858738692
52,"2024-10-05 18:00:00",999,22.3,4.35085120948445,0.2442,1.19954869939991,4.90285615614073,8.146,32.3714379151664,18.7484772609111,42.0927515,63.906808876666
53,"2024-10-05 19:00:00",999,22.3605000019073,4.35500683300385,0.2808,1.18903260460829,4.89744755572204,8.146,32.3954910537433,18.7619117295581,42.1017333766667,64.1580098050014
54,"2024-10-05 20:00:00",999,22.4,4.358061,0.3175,1.1890588917375,4.91400168049271,8.151,32.4463,18.72952,42.1095026000002,64.4115967199943
55,"2024-10-05 21:00:00",999,22.3309359539493,4.36890438707719,0.373835864769746,1.19193586476975,4.91092467442863,8.151,32.5538030019837,18.7075784990082,42.1125132965,64.6524021000029
56,"2024-10-05 22:00:00",999,22.3266999959946,4.3468432845166,0.361631982154388,1.19193198215439,4.93678304945608,8.152,32.6003591492963,18.4155069121608,42.1155483746667,64.893087036005
57,"2024-10-05 23:00:00",999,22.1,4.32211057220165,0.3663,1.20412584756047,4.96598137662444,8.149,32.5973298763495,18.1576161089317,42.1187220441667,65.1404586658381
58,"2024-10-06",999,22.4,4.07264654051776,0.773885737265687,1.46051426273431,7.58747907011918,8.122,31.6703356071728,16.6381116003605,42.1288667980001,65.3937783920069
59,"2024-10-06 01:00:00",999,22.4,3.96924641548338,1.4896,1.5995,3.02552838506202,8.11393538708443,31.535741848376,15.6674952290409,42.1338609048332,65.5014391914992
60,"2024-10-06 02:00:00",999,22.3,3.97287762452542,1.18359951974801,1.5581800960504,3.16698249058768,8.116,31.4355678735763,15.8334945029042,42.1338117999999,65.5024548933331
61,"2024-10-06 03:00:00",999,22.6060605038916,4.07252376027169,0.803179696741454,1.4408,4.65165621612623,8.122,31.6692777024323,16.6380799680955,42.0834274518365,65.5115313998326
62,"2024-10-06 04:00:00",999,22.1018000125885,4.29565905221047,0.398148369677659,1.2332,13.0405874102616,8.14705261052363,32.3324547309466,18.2109231606319,42.0003367159999,65.512331277
63,"2024-10-06 05:00:00",999,22.3840840932577,4.29885176430568,0.3907,1.22578675470759,5.29210966287162,8.149,32.3432507002795,18.2312550320131,41.9992297605001,65.5218823821664
64,"2024-10-06 06:00:00",999,22.4,4.32357752790642,0.388144809166414,1.221,8.17265876807699,8.14958111625679,32.4147557511578,18.40368,41.9998443840001,65.5114629933334
65,"2024-10-06 07:00:00",999,22.3455284279032,4.32581283087782,0.39809445569808,1.2088,5.12528488249837,8.152,32.4209122058521,18.4196103330775,41.9861879091678,65.5017953058346
66,"2024-10-06 08:00:00",999,22.2940886761992,4.343097,0.3785,1.20395892330838,1.50885886615006,8.14898404782444,32.4898984047824,18.5155620737828,41.8682402333324,65.3505730733331
67,"2024-10-06 09:00:00",999,22.4849999904633,4.34335422409057,0.3785,1.21614733904969,3.5572871328941,8.15001120452856,32.4960817927246,18.51041,41.8665594045977,65.349959229885
68,"2024-10-06 10:00:00",999,21.9556000232697,4.3476449118243,0.356789378519212,1.221,4.5563027988756,8.147,32.4983745491034,18.55294,41.8664014293334,65.3500247806667
69,"2024-10-06 11:00:00",999,22.4,4.342594,0.395821509804338,1.221,12.5814601316244,8.14990102057199,32.4716,18.5334,41.8642970699998,65.3493062161666
70,"2024-10-06 12:00:00",999,22.0685165352311,4.32399205128287,0.3663,1.22796025650986,3.61466387471723,8.148,32.4081134615458,18.41652,41.8524232716666,65.3489419793335
71,"2024-10-06 13:00:00",999,22.5246062749609,4.18343828056764,0.409819037876399,1.3256190378764,3.5683201488802,8.133,32.01709559122,17.4056730260745,41.8266578409986,65.395969977004
72,"2024-10-06 14:00:00",999,22.5092000007629,4.13689515941895,0.4274,1.3553,3.13306052861711,8.12221532094521,31.7389126293921,17.2536654244258,41.7669605506675,65.5796879666683
73,"2024-10-06 15:00:00",999,22.8,4.150248,0.323722489842555,1.34907751015745,2.69780090835402,8.129,31.7983,17.3234,41.7687663975001,65.5714505926671
74,"2024-10-06 16:00:00",999,22.2085365726601,4.1989366521733,0.3663,1.28854099377012,2.26254128809093,8.133,32.0466310558962,17.5356848447194,41.8244661386617,65.5885932703343
75,"2024-10-06 17:00:00",999,18.055389544646,4.1975730000067,0.347828514220423,1.31242851422042,5.07059516560793,8.13505622484576,32.007820481956,17.5701814859807,41.9866052230538,65.5577931062734
76,"2024-10-06 18:00:00",999,17.7369999885559,4.02683243685462,0.615425466036755,1.49609151132108,10.1230269189628,8.114,31.4504532091092,16.4123289648221,42.1497118613294,65.529762714667
77,"2024-10-06 19:00:00",999,17.9,4.02953525097243,0.544349610772401,1.49026459135822,6.31371658286895,8.109,31.4283509727687,16.4702642412336,42.2997322697695,65.5073326106107
78,"2024-10-06 20:00:00",999,18.2,3.98402359006181,0.762759006229882,1.5751,9.24145799739336,8.11,31.3035335403708,16.124373726707,42.4479397167494,65.4832213596058
79,"2024-10-06 21:00:00",999,17.6,4.002363,0.908993203922194,1.5561485437277,5.15755506010768,8.114,31.2524,16.3933,42.4497631662749,65.4828902510772
80,"2024-10-06 22:00:00",999,18.2205911417759,4.00848459222453,0.9035,1.5873,5.27289476814731,8.118,31.0947235525932,16.6638502008122,42.5448916490028,65.4834327973331
81,"2024-10-06 23:00:00",999,17.8683297355053,4.06367571553526,1.06862356075692,1.53232547974769,8.92273014808508,8.129,30.9826073298609,17.4239440314235,42.7059178778786,65.4837799019019
82,"2024-10-07",999,18.7352000236511,4.036053,1.16631321756217,1.5995,2.3642145000344,8.125,30.8890956967156,17.2385251639413,42.7596873333333,65.4837788390057
83,"2024-10-07 01:00:00",999,18.069565228208,4.04687105021664,0.928241525885828,1.5629,1.60565004530818,8.129,30.9102351520972,17.3316214389154,42.7836646428338,65.4866609398332
84,"2024-10-07 02:00:00",999,18,4.00806335580098,1.76528464311392,1.70754591122117,1.98879960860983,8.121,30.7960360191325,17.0472751376019,42.9258678021397,65.4701325357024
85,"2024-10-07 03:00:00",999,18.4969511988285,3.96259107519529,1.9815621853103,1.7827,3.69239907821003,8.109,30.7943025329953,16.5389351216106,42.9998332066667,65.4798696266667
86,"2024-10-07 04:00:00",999,17.7846305299305,3.97320037507414,2.01305617030196,1.75299975904556,5.51848682650217,8.11470499703424,30.7194852498517,16.7558375135306,43.0000016151151,65.4802492817818
87,"2024-10-07 05:00:00",999,18.1887195056206,3.979823,1.92748217026529,1.746,5.49424704009123,8.117,30.7025,16.85263,43.0016834376666,65.4841346666667
88,"2024-10-07 06:00:00",999,18,3.98124653111526,1.70588404438161,1.7582,3.45116955328722,8.11914698847246,30.7118017351584,16.8564076964553,43.0017256518185,65.4842167574241
89,"2024-10-07 07:00:00",999,18.0792999982834,3.99311218867031,1.57860865559309,1.72856378146897,6.26690003506908,8.11985400879876,30.8151318308493,16.8546220981415,43.0184674104105,65.4804523328328
90,"2024-10-07 08:00:00",999,17.8271341189355,4.0424534434692,0.880756669941456,1.48432833497073,7.49019285103733,8.1282715852363,31.1781814755709,16.9339104905271,43.1748921336322,65.4804864139138
91,"2024-10-07 09:00:00",999,18.1,4.03595773394136,1.1477,1.6606,3.58477440637559,8.125,30.8648064612582,17.2693139047652,43.2501419566667,65.4800981833333
92,"2024-10-07 10:00:00",999,18.1684557413639,4.00329143900433,1.1722,1.6972,4.07654986940435,8.12217195021663,30.644330317013,17.1930566974286,43.2454696048333,65.5979882795003
93,"2024-10-07 11:00:00",999,18.0389227550431,3.92705253230324,1.05698217650082,1.92388217650082,6.70537818806008,8.078,30.8861718143731,16.0202522143941,43.250304496,65.8507994066693
94,"2024-10-07 12:00:00",999,18.0569000005722,3.91706687577395,1.3187,2.0269,3.94495060691537,8.065,30.8480269853295,15.9568177436226,43.2628034525013,66.1182864711679
95,"2024-10-07 13:00:00",999,18,3.88724661468114,1.15311651369171,1.9536,4.55694830701967,8.066,30.9704715596398,15.4640037614839,43.4302047310029,66.246149179669
96,"2024-10-07 14:00:00",999,18.2,3.91902,1.0012,1.7827,5.16894600712397,8.098,31.0534,15.71599,43.6018814386711,66.3745537558354
97,"2024-10-07 15:00:00",999,18.2526365344806,3.90153099559996,0.73937723555103,1.98884552889794,5.78094370722827,8.066,30.9260999599997,15.68154,43.7515796066663,66.400804706667
98,"2024-10-07 16:00:00",999,18.0392999887466,3.90929594021644,0.831670290088419,1.9414,5.08614313181024,8.075,30.9420775362281,15.7486418115877,43.7510893334999,66.3991160714999
99,"2024-10-07 17:00:00",999,18.2,3.9571855343961,1.5234466598461,1.73920059816201,3.72098614412761,8.115,31.0761656031883,16.1148297407727,43.7302366146676,66.5462919886608
100,"2024-10-07 18:00:00",999,18.2,3.95177561589504,2.31316955636872,1.65386955636872,5.43855256329034,8.121,31.3829754165088,15.6651698212861,43.6932645632294,66.7759411306352
101,"2024-10-07 19:00:00",999,17.9521653733163,3.925170735386,3.8217,1.76915437417279,12.4023888755006,8.121,31.947049979943,14.6724394932359,43.6801010826667,66.851656896
102,"2024-10-07 20:00:00",999,18.1204268274215,3.93923949969514,4.71697233329133,1.83825283037045,5.95001143612571,8.12376755343051,32.1429287658045,14.5898331365125,43.6567494760004,66.9705441421638
103,"2024-10-07 21:00:00",999,18.1,3.941668,4.15795610180769,1.80161756706011,7.15485682522102,8.131,32.364257022796,14.3505360664423,43.6251900916673,67.2112172916635
104,"2024-10-07 22:00:00",999,17.9122967536063,3.965492,3.37170486070521,1.75700490160559,3.67734457888504,8.144,32.3110304922056,14.6747799339636,43.6077767716667,67.3030778591667
105,"2024-10-07 23:00:00",999,18.2,3.967684,3.17451069562101,1.76377856705985,7.24264156770113,8.144,32.2912847280916,14.7224900742327,43.600492851518,67.3426380625645
106,"2024-10-08",999,18.1,3.98344500360256,2.92704609878171,1.8315,4.87233401317758,8.147,32.1687659063334,15.0429944538294,43.5696714976303,67.5809545005117
107,"2024-10-08 01:00:00",999,17.9,4.053023,1.86253495890019,1.88591065619079,3.95505246837442,8.134,32.0080719245451,16.0004901826187,43.5397908163334,67.7515061433332
108,"2024-10-08 02:00:00",999,18.2,4.059704,1.65155824440257,1.89923397792239,3.03777092357126,8.134,31.9724,16.11774,43.539693511011,67.7529105275273
109,"2024-10-08 03:00:00",999,18.0896896954232,4.05865269112665,1.67172717847316,1.88699080757295,2.12048937876809,8.134,31.9814384446665,16.0950198983048,43.5619970914228,67.718622513183
110,"2024-10-08 04:00:00",999,17.9271999835968,3.93647627488074,3.138,1.8193,6.04030683179143,8.141,32.3831210674197,14.2712604815491,43.6975718619503,67.5336263282863
111,"2024-10-08 05:00:00",999,18.1815999984741,3.986526,2.71357525463072,1.8193,5.24286285071447,8.13084036809655,32.199847889571,15.0389933306743,43.8238425271649,67.3524045913356
112,"2024-10-08 06:00:00",999,18,3.99136569073767,2.89669441928837,1.82494973000372,4.02769495224197,8.13031546311628,32.2216926185247,15.065342408475,43.9438916703326,67.1679395076678
113,"2024-10-08 07:00:00",999,18.1740947068426,3.9287449419865,3.41224728938002,1.7949,5.70094542854013,8.13285157028853,32.1446720744015,14.4724393958748,44.0624293829992,66.9857518388346
114,"2024-10-08 08:00:00",999,17.9672672715674,3.82020234386741,1.26415515120049,1.98455515120049,4.95004377631859,8.0731492299018,31.271955191115,14.3302460170935,44.1761975653334,66.8076396439998
115,"2024-10-08 09:00:00",999,17.9644628058463,3.74778169804957,1.42947594768296,1.99107594768296,3.70304259771229,8.043,31.7675574391923,12.9139177722579,44.2772042835009,66.6388619178318
116,"2024-10-08 10:00:00",999,18,3.76788756933313,1.35448960444286,1.98450519777857,6.42606035387076,8.051,31.7142664258653,13.2032926971198,44.3819588000014,66.4635665499977
117,"2024-10-08 11:00:00",999,18,3.74494727785374,1.1355,2.0814131827492,9.84171005270307,8.00565853166017,32.3690263453051,12.176805847108,44.5018043708354,66.3727696541686
118,"2024-10-08 12:00:00",999,18.1503999948502,3.80423725225105,1.54565795170066,2.0879,6.34204198588543,8.053,32.4882702340489,12.6951627805606,44.6291765200033,66.4881336100029
119,"2024-10-08 13:00:00",999,18.2,3.799647,1.96946145327258,2.0757,8.68470259168166,8.049,32.4636,12.6731,44.6727164185,66.5306249185
120,"2024-10-08 14:00:00",999,18.1546694649791,3.820968,2.12197377128287,2.1368,4.68916237617908,8.028,32.3141840780779,13.0830322604927,44.5332840819952,66.5240952216666
121,"2024-10-08 15:00:00",999,18.5637438431051,3.76570484316856,0.872037227417554,1.95937907580585,5.41844750952057,8.047,31.8180736747356,13.0547563392662,44.4155147338357,66.6021829933293
122,"2024-10-08 16:00:00",999,18.1360640272992,3.83310586050805,1.55358713822993,1.92281268120927,3.98714836127518,8.084,31.2009858695677,14.5636813224696,44.3380661585388,66.7609575623256
123,"2024-10-08 17:00:00",999,18.1,3.81502641788343,1.41285515086664,1.9658,4.05454195852471,8.075,31.2358476295261,14.3165627125405,44.250049394396,66.9392655155125
124,"2024-10-08 18:00:00",999,18,3.80895571764193,2.36820178654126,1.8437,4.12193555577424,8.11008950423816,32.0927551674798,13.2109970942464,44.1536634721395,67.119737656155
125,"2024-10-08 19:00:00",999,18.121825811305,3.90897354490697,2.2466,1.7827,4.14426869283242,8.132,32.1861107421423,14.2052057811416,44.0349707259983,67.2913070593362
126,"2024-10-08 20:00:00",999,18.1,3.95343210262053,2.1978,1.7705,4.1408115930973,8.14192758551699,32.2752626725345,14.5859208881777,43.9203280255248,67.4830037826173
127,"2024-10-08 21:00:00",999,17.9960000038147,3.90573168793675,3.02765339047049,1.77682330476476,4.13735449336219,8.13959151834621,32.3159895978915,14.0144478976041,43.8067057117097,67.667687112616
128,"2024-10-08 22:00:00",999,18.1,3.96659,2.45900738094118,1.74009157839202,4.13389739362707,8.158,32.3379188437763,14.6544425445,43.6881332025347,67.854437436438
129,"2024-10-08 23:00:00",999,18.1,3.81574178684138,3.94976498496703,1.8315,4.11139017331037,8.128,32.409988933194,12.9132086939463,43.575623445947,68.0378458873858
130,"2024-10-09",999,18.2,4.06114780316016,1.08701482284936,1.94734258857532,5.12719860750677,8.133,31.8768974194848,16.2525172894516,43.4736671768434,68.2056475412081
131,"2024-10-09 01:00:00",999,18.3150278449881,4.07002133166954,1.221,1.95955887493438,5.1101703561332,8.13955783814165,31.8555465297115,16.376207249689,43.4688627365,68.2120247095
132,"2024-10-09 02:00:00",999,18.2115736108186,4.065584,1.19642672510553,1.9414,5.12185840963516,8.142,31.8518535507151,16.3323202420418,43.4626527093324,68.2605179090075
133,"2024-10-09 03:00:00",999,18.2,3.972268,2.1301078365832,1.9292,2.83780014008076,8.125,32.1975757327972,14.8857885882407,43.4291953716657,68.4825141958407
134,"2024-10-09 04:00:00",999,18.1778325187951,3.73757149559825,3.06491480548874,1.92304629862781,5.13207936399003,8.09152200875909,32.4940911964964,11.9509599479591,43.3982632833333,68.6642567166668
135,"2024-10-09 05:00:00",999,18.1754064987464,3.73473124864306,3.27838169650245,1.94748169650245,11.5157454887694,8.084,32.4313474495126,11.9914511621329,43.3931820833328,68.7030770916699
136,"2024-10-09 06:00:00",999,18.2,3.785196,4.28665257133885,1.94754758955911,5.10569853711829,8.092,32.5055472694515,12.4649580036033,43.3565394873204,68.9402294451136
137,"2024-10-09 07:00:00",999,18.2,3.99783718723093,1.1845322104359,2.1368,5.02204507306463,8.10151354615122,32.0035897049251,15.4023938471069,43.3281137282282,69.1060709204205
138,"2024-10-09 08:00:00",999,18.2,4.06154431812838,1.31253409404826,1.98412196865058,5.0782312647436,8.14400720283626,31.7222992797164,16.4507037935249,43.3218095720713,69.1494762837885
139,"2024-10-09 09:00:00",999,18.1570570598521,3.99863568894342,1.62996205109736,1.97792410219473,2.62379200623581,8.15,31.9989527995092,15.4168483122836,43.2864558193199,69.3773337509145
140,"2024-10-09 10:00:00",999,18.1559602677762,4.011947,1.50805679325722,1.9658,12.4928044326197,8.141,32.137348545051,15.3928519787307,43.2577654503334,69.5575277268335
141,"2024-10-09 11:00:00",999,18.1,4.011348,1.6663522555962,1.9658,5.29462692874413,8.136,32.1274016255381,15.3985081577234,43.2567522733329,69.5658776600032
142,"2024-10-09 12:00:00",999,18.2,3.999684,2.00254741599525,1.88640109319422,5.64060921315766,8.151,32.2208480119185,15.1571727037909,43.2227532596671,69.7845529478306
143,"2024-10-09 13:00:00",999,17.9430320152139,3.839799,3.77847973083149,2.5825040538337,4.89518212773862,8.073,32.0355051174017,13.6213886032479,43.1868023833334,70.0068257006663
144,"2024-10-09 14:00:00",999,18.0653653722695,3.84393797039384,2.1734,2.5519,4.14975504231958,8.069,32.0785455490986,13.6159174214948,43.1860764231667,70.0096469436666
145,"2024-10-09 15:00:00",999,18.2,3.91554211921902,1.65461836381997,2.38721836381997,5.28243935108264,8.112,31.9720606721477,14.5357594078124,43.1658095166664,70.1911732310024
146,"2024-10-09 16:00:00",999,18.1250250232094,3.90073744068845,2.90024776967019,2.9122159232234,5.67696833323512,8.092,31.5775642528553,14.8545029685914,43.1560008333333,70.2719582243331
147,"2024-10-09 17:00:00",999,17.5231706764522,3.93857895048754,1.72693872740338,2.3321,3.92341301614125,8.116,31.9985449275631,14.7576220813366,43.0953766906647,70.1481991919963
148,"2024-10-09 18:00:00",999,18.1154154186883,3.84352913142664,1.91073335981372,2.1245,5.16159283449786,8.099,32.6645529811546,12.9228605723986,43.0333771409743,70.0082362687687
149,"2024-10-09 19:00:00",999,17.8313543703482,3.8877856550244,1.83190887029068,2.00793501886607,2.40129912871987,8.143,32.3706731888334,13.7524838370262,43.0244105900914,69.9579329764827
150,"2024-10-09 20:00:00",999,18.0821155180486,3.9902625097026,1.37341818371681,1.87998487713621,3.16380595237857,8.143,32.2261455291078,15.0479189717992,42.9802524899988,69.7250004774924
151,"2024-10-09 21:00:00",999,18.0702702894274,4.048634,1.12369654881451,1.99059654881451,5.11096636486774,8.138,31.8909,16.09813,42.9546669264263,69.5572729264263
152,"2024-10-09 22:00:00",999,18.0977999925613,4.05361620529817,1.0379,1.97846762992306,5.11928523398959,8.133,31.8414,16.2144193698591,42.956431864865,69.5432228583588
153,"2024-10-09 23:00:00",999,18.1,4.05221210235463,0.971394099534947,2.0024,5.20314349369688,8.13540517765916,31.8559734497446,16.18086264304,42.9150968500008,69.3185064583375
154,"2024-10-10",999,18.3047974496836,4.08936659783279,1.2151534015843,1.9355534015843,5.04305758040632,8.14,31.6464562311865,16.8516197471414,42.8757905016832,69.1077854545446
155,"2024-10-10 01:00:00",999,18.215499997139,4.084229,1.21355163054896,1.99392072454641,5.04871696715802,8.14261052208615,31.667874314859,16.7681894959042,42.875711166,69.1065319156668
156,"2024-10-10 02:00:00",999,17.9400000093958,4.082736,1.06168743767326,1.88614120833529,5.08700583640827,8.155,31.7937776155147,16.5927701040314,42.8500352102098,68.9727765403717
157,"2024-10-10 03:00:00",999,17.4955284157884,4.047738,0.794296548317969,1.97157804532738,5.10826138027307,8.129,31.9299948625364,16.0396651093673,42.8057606886894,68.7530643028073
158,"2024-10-10 04:00:00",999,18.3294291353596,4.04469279524913,1.32514018516104,1.9414,3.64348896565494,8.12663942014797,31.8296609623586,16.1313789611401,42.7893194056667,68.6555495723334
159,"2024-10-10 05:00:00",999,18.1810032052921,4.04260227805653,1.61304226889972,1.9658,5.28356201539344,8.115,31.7697220044082,16.18339,42.7683766920256,68.5446746409756
160,"2024-10-10 06:00:00",999,18.5,4.074755,1.49960732759452,1.99667326880419,5.0735297028971,8.132,31.7707,16.53448,42.7244680683343,68.3195485683376
161,"2024-10-10 07:00:00",999,18.1145999908447,4.050924,1.22515970208348,1.9658,5.06684858546232,8.124,31.7735,16.26995,42.7024746996667,68.204200165
162,"2024-10-10 08:00:00",999,17.910000038147,4.0508312582745,1.6484,1.9902,10.7563527127656,8.1,31.7412531607447,16.3093951113407,42.6853192871662,68.0915168699973
163,"2024-10-10 09:00:00",999,18.8938916461662,3.99563856960643,2.34500596540981,2.04561850801512,1.47141519853428,8.108,31.7769068607871,15.6582766314507,42.6479027559992,67.869847321329
164,"2024-10-10 10:00:00",999,18.2444999933243,4.011644,2.227880112173,1.917,4.92905293934211,8.109672085175,31.8124672085175,15.7901119405865,42.6253902736667,67.7532436728332
165,"2024-10-10 11:00:00",999,18.2205999851227,4.00540791378262,2.65699955996296,1.97146681334568,6.04108649853146,8.107,31.8005180436075,15.73639,42.6149702249989,67.6859733499935
166,"2024-10-10 12:00:00",999,18.0062944205932,3.97959485077019,3.23754034813692,2.04566979396275,4.67996499506383,8.09184596919254,31.7700922984596,15.4899946809366,42.5760270999994,67.43794695833
167,"2024-10-10 13:00:00",999,18.2,4.00551596888699,2.5284684084267,1.9292,5.54799667037008,8.107,31.825831751096,15.70618,42.5524990266667,67.30214844
168,"2024-10-10 14:00:00",999,18.2735960667271,4.006558,1.82691763257942,1.93580587752647,5.29849663362485,8.107,31.8234707326855,15.7205318035477,42.5524788885,67.3021770023332
169,"2024-10-10 15:00:00",999,18.2779779767118,4.060697,0.9158,1.99577973114825,5.22990508521743,8.095,31.7207,16.4434,42.5152481606674,67.1109426850039
170,"2024-10-10 16:00:00",999,18.440818483668,4.057705,1.18894653788523,1.9414,4.02124768578932,8.10771222160038,31.8317,16.27134,42.465437379834,66.8776076351686
171,"2024-10-10 17:00:00",999,18.1864425152593,4.060101,1.75263324671125,1.95916675328875,5.32693775597638,8.11,31.8289281456266,16.3010042848604,42.4619900013123,66.8512153339894
172,"2024-10-10 18:00:00",999,18.1194805323484,4.061693,1.4930877824394,1.9658,6.23743395596072,8.1,31.8042,16.34941,42.4422268878334,66.7727168918338
173,"2024-10-10 19:00:00",999,18.0515989704934,4.01434309910478,1.08001736776944,1.58061736776944,5.34447401346484,8.13,31.7031859621324,15.95605,42.4034779247577,66.5607739367683
174,"2024-10-10 20:00:00",999,18.3005018756394,4.020513,1.05433804940581,1.49507934980194,4.73128571304308,8.12624563516473,31.5853694762198,16.1719221372659,42.3772283613614,66.4008322227227
175,"2024-10-10 21:00:00",999,18.3102362291569,4.025596,1.0867,1.4652,4.84461433627207,8.128,31.5424247706398,16.2821688073427,42.377181684,66.4009472413333
176,"2024-10-10 22:00:00",999,18,3.96744259100994,2.21183467775957,1.6606,1.69783017409356,8.12575235802576,31.8413843869133,15.2679268533097,42.2927560930942,66.3538411591598
177,"2024-10-10 23:00:00",999,18.4137000083923,4.04568723696363,2.64292508515292,1.94816194890364,3.61246805715715,8.101,31.8662759613496,16.0965780773008,42.1316562307307,66.2353049059058
178,"2024-10-11",999,18.5,4.03986,3.2112,2.04452764539455,5.19004552920065,8.092,31.8040224444834,16.1104152310543,41.9883959000006,66.1405475940003
179,"2024-10-11 01:00:00",999,18.1847457429255,4.045143,3.03476678889506,2.04589165138812,5.15675541935557,8.087,31.813965984358,16.1558508187704,41.9721008599987,66.1246755383328
180,"2024-10-11 02:00:00",999,18.1277439035471,4.031583,2.57066656527318,2.0391,11.2007586691378,8.083,31.8490650966138,15.963443975448,42.0612385610609,66.0833525290296
181,"2024-10-11 03:00:00",999,18.0678149636787,3.99769765964449,2.2833,1.87348876168606,4.73643353366937,8.103,31.8848908087557,15.5471227834759,42.0831689382705,66.0592466543217
182,"2024-10-11 04:00:00",999,18.0738188952819,3.99624549049736,2.44344720926264,1.73917639536868,4.89956825301113,8.122,31.8072033806695,15.62732,42.1179304245,66.0372105883334
183,"2024-10-11 05:00:00",999,18.3233521561278,3.99106883303556,1.28055777617524,1.5629,4.41120914753674,8.121,31.5429413606423,15.9000752699328,42.153289618335,65.9844277796643
184,"2024-10-11 06:00:00",999,17.9454999923706,3.95714678875703,1.18974222835769,1.55604222835769,6.72627376544042,8.117,31.4239313662711,15.6733996579263,42.1658291666667,65.9792597698332
185,"2024-10-11 07:00:00",999,18.3496999979019,3.90910107361521,1.68127581498355,1.6254838766557,5.81265057374523,8.11,31.441134386871,15.1169338927922,42.1997471133333,65.9383281600001
186,"2024-10-11 08:00:00",999,18.1486984723626,3.9332250934204,1.48802100462405,1.5751,3.07419947716104,8.113,31.4444117823131,15.3816099700677,42.2000426191191,65.9384369759759
187,"2024-10-11 09:00:00",999,18.318029567666,3.92396602432701,1.35690801595099,1.60479599202451,1.30902578477849,8.109,31.4846954137584,15.2283208614161,42.2303214616663,65.9065607850003
188,"2024-10-11 10:00:00",999,18.2636811076514,3.88654549209615,1.27150408075422,1.6589526705958,4.95984378604299,8.10416243249914,31.6273576116887,14.6352348247356,42.2709825818333,65.8700259579997
189,"2024-10-11 11:00:00",999,17.86199188553,3.92798214393703,1.4042,1.58900751483006,9.16671483940848,8.11127992046394,31.4433310338028,15.32462,42.2702223600001,65.8677354266668
190,"2024-10-11 12:00:00",999,19.3815618124778,3.90502990249464,1.42511637098483,1.64137072778379,9.04329310009546,8.11,31.5198420538009,14.9737729252943,42.2985154393337,65.8379304001673
191,"2024-10-11 13:00:00",999,19.289999961853,3.91100768389651,1.22975586476975,1.6117,3.16690327454575,8.109,31.3798717693834,15.2146279721662,42.2959832433348,65.8279722833329
192,"2024-10-11 14:00:00",999,18.0153152817743,3.91947846388645,1.20178940585315,1.60987881170629,4.46839683310845,8.113,31.3035298555458,15.4049065008165,42.3326417758334,65.8043882080002
193,"2024-10-11 15:00:00",999,17.9423999786377,3.919623,1.08337117408295,1.5873,7.60943054476039,8.118,31.2666878575694,15.4528085137056,42.32374733,65.7988984380001
194,"2024-10-11 16:00:00",999,17.6214285531823,3.97702419903778,0.8181,1.53332128438314,6.97986453476928,8.12612242443314,31.255254690932,16.1078042788413,42.4178352911667,65.7435464956667
195,"2024-10-11 17:00:00",999,18.5,3.984914,0.861757891378233,1.5263,8.56881538637873,8.129,31.281647109412,16.1620276835487,42.4258043593345,65.7509421589991
196,"2024-10-11 18:00:00",999,18.5,3.94605105338208,1.73785932183667,1.6728,0.815173559051522,8.12,31.0268583182825,16.0531871884468,42.5334885775012,65.6461353479989
197,"2024-10-11 19:00:00",999,18.3032520392179,3.9095924694953,1.8559,1.70231038224903,4.70002606983052,8.11409441895452,31.0720498700263,15.5864439067318,42.6474652819466,65.5341437238925
198,"2024-10-11 20:00:00",999,18.3187192155254,3.953709,1.80308604172634,1.59749302086317,4.8328638895802,8.12732901297325,31.0861,16.06319,42.7631462397418,65.4167900655633
199,"2024-10-11 21:00:00",999,18.1737999916077,4.02011,1.15280987228391,1.48453167139319,3.44298499225468,8.132,31.2571,16.58448,42.848156883884,65.3090636282947
200,"2024-10-11 22:00:00",999,17.9,4.02483666879286,1.15780777648651,1.48746652025595,4.68563733831663,8.132,31.271471306075,16.61848,42.8486767243334,65.3123029943334
201,"2024-10-11 23:00:00",999,18.5,4.020705,1.0623,1.4774,5.41116250905351,8.132,31.2671,16.57824,42.8781837642643,65.3141108293292
202,"2024-10-12",999,18.7481999874115,4.018614,1.06950541855618,1.48239458144382,9.04275175400244,8.132,31.2745,16.54556,42.87824690991,65.3140820990991
203,"2024-10-12 01:00:00",999,18.6,4.012133,1.02057991600741,1.48242008399259,9.74485655895479,8.132,31.2380942588528,16.5201556931373,42.877339392,65.3077774133329
204,"2024-10-12 02:00:00",999,18.4802602848404,4.009041,1.09166757729884,1.49456757729884,3.69787791294527,8.132,31.2683556929197,16.4471531684963,42.8998279716666,65.164910415
205,"2024-10-12 03:00:00",999,18.2,4.010736,1.0256,1.4896,9.17315043094409,8.132,31.2730517949724,16.4599763681713,42.8998809523333,65.165005952667
206,"2024-10-12 04:00:00",999,18.4,3.99771758811791,1.11339649922932,1.49684824961466,12.3246975060092,8.1313764752835,31.3524217643537,16.21439194039,42.9209676821686,65.0924556324941
207,"2024-10-12 05:00:00",999,18.2545731422916,3.989104,1.13059956131742,1.5018,11.2694437197884,8.129,31.4162,16.03801,42.9361591666667,65.0327825726667
208,"2024-10-12 06:00:00",999,18.1308071289969,3.995982,1.0501,1.49451758370142,10.2141899335677,8.13061232252506,31.3779581516212,16.1627200640229,42.949498096499,65.0976002676612
209,"2024-10-12 07:00:00",999,18.6736999988556,3.970656,0.957283416668555,1.85578613789313,9.1589361473469,8.133,31.0711,16.27202,42.963022,65.1647371653334
210,"2024-10-12 08:00:00",999,18.3,3.96627,0.967028285342633,1.5385,8.10368236112614,8.133,31.0325997599455,16.2723083456784,42.965848758333,65.1837480583307
211,"2024-10-12 09:00:00",999,18.5,3.986207,0.969171943817687,1.5507,9.20980598139207,8.132,31.0225126252534,16.5083210821605,42.9781519,65.3140284000001
212,"2024-10-12 10:00:00",999,18.6155487928242,3.98664054700835,0.972629059924678,1.5507,4.74373242835924,8.132,31.0264683760668,16.50807,42.97826586,65.3140209466667
213,"2024-10-12 11:00:00",999,18.5,3.95833064077796,1.16748582508918,1.58355708745541,8.91322410195207,8.128,30.9747761164992,16.2576984854587,42.8872596480015,65.4333586419982
214,"2024-10-12 12:00:00",999,19.3802999973297,3.827429,1.90945214028921,1.8315,6.12358262205227,8.089,31.2492,14.43985,42.849723601,65.481454899
215,"2024-10-12 13:00:00",999,18.5851000070572,3.8249677354091,1.61901050550629,1.8315,8.22637354219645,8.084,31.2761408560609,14.3787619065837,42.8515279900001,65.470269514
216,"2024-10-12 14:00:00",999,18.5885714332693,3.96333933268238,0.699821400628479,1.5995,5.05907260332929,8.132,30.8318758754717,16.498545525283,42.9464565600017,65.3345473649975
217,"2024-10-12 15:00:00",999,18.6369047588637,3.958487,0.83378571385556,1.64256666637872,5.06121507069743,8.13504761900061,30.7060809523751,16.6075695238174,43.0376951686673,65.2028678189991
218,"2024-10-12 16:00:00",999,18.8595959503521,3.9881,0.6349,1.5449789575537,5.04661964092664,8.132,31.0117406813716,16.5433429058017,43.1251448961679,65.073934323165
219,"2024-10-12 17:00:00",999,18.4108107927503,3.969459,0.742306212476248,1.6117,5.07761472474555,8.133,30.9504044088134,16.4138858717493,43.2087063320011,64.9440859973312
220,"2024-10-12 18:00:00",999,18.5,3.94844969538749,0.8181,1.6390332666685,5.06500077344972,8.128,30.8482607214087,16.3098497795665,43.298018385169,64.8220431633304
221,"2024-10-12 19:00:00",999,18.6,3.994782,0.815557314727383,1.58221462945477,5.05739009978425,8.132,31.0177749499046,16.6102900601145,43.3941659950026,64.6819806493285
222,"2024-10-12 20:00:00",999,18.5165858409875,3.949817,0.979880067243327,1.64228538093947,5.10309948605075,8.137,30.7272,16.48232,43.4866617853308,64.5303694163374
223,"2024-10-12 21:00:00",999,18.2863340632425,3.97676218707583,1.0012,1.54308652097948,5.09041974572547,8.137,31.0242353280121,16.4004944393701,43.5830099799973,64.3810083233381
224,"2024-10-12 22:00:00",999,18.1479674936609,3.918311,1.63760634190066,1.7827,5.0493753233582,8.13013265096721,30.3708759181161,16.5923788982607,43.6841686044379,64.2356984179176
225,"2024-10-12 23:00:00",999,18.5277657591589,3.9139849268199,1.40564328999567,1.8437,6.06902165522731,8.127,30.30978765703,16.623770376872,43.7889396186645,64.082351447337
226,"2024-10-13",999,18.5,3.91184997752192,1.43942921303069,1.82382359565644,5.06333066954715,8.12337078652922,30.5050696629003,16.3425433707436,43.8874196119986,63.9264985470021
227,"2024-10-13 01:00:00",999,18.6642184461889,3.90777425526473,1.33542103402186,1.7338,4.49736826843841,8.129,30.6018329621935,16.17012,43.9796658928924,63.7872583246589
228,"2024-10-13 02:00:00",999,18.4143143258769,3.85098092621765,1.35210099678461,1.84050099678461,3.29639643798467,8.13,30.2696164506352,15.9564065902035,44.0649300358327,63.6492610831676
229,"2024-10-13 03:00:00",999,18.4117270681605,3.88129745981991,1.4286,1.81160293128387,2.53100376864209,8.125,30.4912523629087,16.0132390169448,44.1587638513333,63.5258648693332
230,"2024-10-13 04:00:00",999,18.4032520149884,3.870572,1.29106147199695,1.7827,7.14777781581342,8.12416363278751,30.5664916382947,15.7934145429513,44.2515837951666,63.3888389041668
231,"2024-10-13 05:00:00",999,18.3,3.54447062983818,1.2943,2.21773023554653,7.41112275663243,8.058,31.0104775427385,11.496585618458,44.3694018053343,63.3887758526675
232,"2024-10-13 06:00:00",999,18.2581581390465,3.48257204782536,1.03226749420503,2.2589,5.59076067366173,8.038,31.3412504300167,10.3896847192074,44.4002849330998,63.4498634295963
233,"2024-10-13 07:00:00",999,18.8607999801636,3.341504,0.801500797708405,2.3242992022916,5.73225609526741,8.011,31.4221427602613,8.65229656961611,44.3558559406633,63.4399424389987
234,"2024-10-13 08:00:00",999,17.9279317543313,3.906781481251,1.33970327102306,1.746,5.07480522246552,8.12,30.6928505783672,16.04076,44.2664337883337,63.3184498316652
235,"2024-10-13 09:00:00",999,18.7,3.901373,1.3729149915764,1.7582,4.60185392910946,8.129,30.6677,16.01208,44.2668837266667,63.3157085333334
236,"2024-10-13 10:00:00",999,17.9876877218021,3.82705146150829,1.3187,1.93357000405131,4.36251978551082,8.13,30.217507459116,15.7499935739963,44.2068503393424,63.2534292917956
237,"2024-10-13 11:00:00",999,18.3440263359459,3.89898,1.20012640874524,1.6972,5.11805265811275,8.139,30.7387222624743,15.893231723035,44.0710818703293,63.1002043853291
238,"2024-10-13 12:00:00",999,18.2890243858117,3.9651860412043,0.7814,1.46088765769178,10.6806646290832,8.14,31.5159431885878,15.6472516063398,43.9341038316695,62.9406254025037
239,"2024-10-13 13:00:00",999,18.2757575750278,3.96843763292766,0.802329565650363,1.46088521717482,5.65800845895804,8.136,31.694181696349,15.461,43.8830386496496,62.8832119330998
240,"2024-10-13 14:00:00",999,18.575652157688,3.96763907159804,0.825995691879884,1.45730430812012,2.57960490443519,8.141,31.6883593138642,15.4594183706149,43.8806615433333,62.8845234275
241,"2024-10-13 15:00:00",999,17.8015244248153,4.00330021268142,0.553795947133074,1.41210405286693,4.92634552831662,8.14076063407093,31.6726169141328,15.87263,43.7736037542083,62.7618587659927
242,"2024-10-13 16:00:00",999,18.3133990288026,4.00220512702573,0.703914502860308,1.40848549713969,2.93733055039018,8.144,31.6931053810772,15.8349764272879,43.763657106273,62.7528396811812
243,"2024-10-13 17:00:00",999,18.7898999929428,4.006556,0.773448889765385,1.39618371673067,8.97868595648537,8.144,31.7047,15.86842,43.7636114963334,62.7519393858334
244,"2024-10-13 18:00:00",999,17.9446999788284,3.990306,0.6716,1.4164,8.18094955029442,8.145,31.7059,15.68786,43.6712712577554,62.6621450290265
245,"2024-10-13 19:00:00",999,18.4,4.01958764847261,0.765459710766307,1.38392985538315,9.20235736445298,8.14538683783054,31.7939426966203,15.9004488603353,43.5495984803371,62.5260745890039
246,"2024-10-13 20:00:00",999,18.3767276378442,4.058407,0.797919604083039,1.33888039591696,3.58841071189957,8.152,31.9832924784877,16.0900051910473,43.4790499696667,62.4506148483334
247,"2024-10-13 21:00:00",999,18.5288385800672,4.054618,0.8791,1.3553,5.45287251978348,8.153,31.9936,16.03588,43.456326388335,62.4275323208352
248,"2024-10-13 22:00:00",999,18.4306026399805,4.22340913242497,0.687961316355672,1.28626131635567,3.91910299862208,8.16870545752282,32.6444116372568,17.0506114686919,43.3314556573351,62.2787218120023
249,"2024-10-13 23:00:00",999,18.062700009346,4.01905403191134,0.79761533247717,1.4652,7.92599268655437,8.149,31.8503632952136,15.8244465904273,43.2053668465009,62.1250827883344
250,"2024-10-14",999,18.5,3.99948,0.756778624506844,1.48545954150228,5.13855831740519,8.149,31.7526,15.73076,43.1826945143333,62.0980593936667
251,"2024-10-14 01:00:00",999,18.2,4.07609340477805,0.638839353691878,1.4042,5.08457147138757,8.157,32.0938093919408,16.1456741862427,43.1148873638444,62.0287850941593
252,"2024-10-14 02:00:00",999,18.2528248671917,4.27179872934102,0.541353310512747,1.25363908752122,2.50538691656613,8.18,32.9390766352991,17.2014559811795,42.992861219999,61.8938735533322
253,"2024-10-14 03:00:00",999,18.6115853745704,4.275859,0.679739801109609,1.28616019889039,4.22858618392548,8.186,33.0890996819126,17.0609503498961,42.9397617641668,61.8322275541667
254,"2024-10-14 04:00:00",999,17.9718550232344,4.276457,0.691912182417166,1.2943,3.4658480008246,8.186,33.0967324664925,17.0579711442299,42.9398874393332,61.832672
255,"2024-10-14 05:00:00",999,18.4644999980927,4.10760596678718,0.663384417035343,1.38375121039278,3.71000284120426,8.165,32.1725026605062,16.3902535346725,42.8515670626637,61.7514328236637
256,"2024-10-14 06:00:00",999,18.2642857174453,4.043451,0.728457336094691,1.43677133195265,3.73682721443261,8.157,31.937,15.98407,42.8313175560001,61.7334085826666
257,"2024-10-14 07:00:00",999,18.7,4.05418604180738,0.6716,1.41238051597996,3.99806567238104,8.157,31.968903480687,16.06179,42.8313115241666,61.7334667618333
258,"2024-10-14 08:00:00",999,18.0757995728291,4.05791,0.675558146155941,1.3919,4.68585221613129,8.157,32.0005,16.06319,42.8311746886675,61.7341085110004
259,"2024-10-14 09:00:00",999,18.0181725806986,3.979441,0.7692,1.5018,2.93859443877577,8.145,31.767,15.49206,42.733004029,61.6163619275001
260,"2024-10-14 10:00:00",999,18.3818267352528,3.981933,0.773137306032302,1.5018,4.09846928446962,8.145,31.7728936380016,15.5122605435982,42.733047,61.6164246333335
261,"2024-10-14 11:00:00",999,18.1,3.96830609283804,0.826838695038509,1.49788467375963,5.25834413016347,8.146,31.7157888355423,15.43277,42.7330251991667,61.6164417861667
262,"2024-10-14 12:00:00",999,18,3.96255752870686,0.809856031274565,1.51798845776042,5.47483588523551,8.14262132429285,31.6930512502596,15.39744,42.7330394696667,61.6164104696667
263,"2024-10-14 13:00:00",999,18.1763158043336,4.01473114530325,0.565596919268088,1.44469691926809,4.83000018421323,8.149,31.9308194196121,15.6772975869894,42.6759871300009,61.5664561268341
264,"2024-10-14 14:00:00",999,18.0135135354442,4.2828690638087,0.50842356932335,1.2698,6.32379873961231,8.184,32.8679565104696,17.40579,42.6186939698031,61.5168198825492
265,"2024-10-14 15:00:00",999,18.4785221710516,4.27927662007838,0.5006,1.27820459258175,8.0284176445061,8.184,32.856995009937,17.3812990218615,42.6186958541666,61.5168077291666
266,"2024-10-14 16:00:00",999,18.4141141163358,4.27787915716021,0.4151,1.2698,3.04220252064514,8.184,32.831283246911,17.3982,42.6187280808081,61.5168770353535
267,"2024-10-14 17:00:00",999,18.2175324602081,4.298601,0.357955971136041,1.23705597113604,4.79138782545375,8.184,32.9038896379247,17.5275655951224,42.6186945996667,61.5168679656667
268,"2024-10-14 18:00:00",999,18.1443999767303,4.40789933486728,0.3541,1.18061724343949,6.54993293075411,8.195,33.3036449689934,18.1795665933222,42.5430942445781,61.4704787671006
269,"2024-10-14 19:00:00",999,18.419000005722,4.24679341123124,0.586991424883537,1.22476952503882,7.71698417533359,8.196,33.0834617954924,16.7615505213275,42.4752178218218,61.4332990038372
270,"2024-10-14 20:00:00",999,18.5,4.171213,0.711936630063988,1.2698,5.81048506950628,8.189,32.8300369092681,16.2673942691976,42.4752062803333,61.4332870453334
271,"2024-10-14 21:00:00",999,18.4364531954906,4.09238175910569,0.865874790292538,1.28954986019503,9.67940104324571,8.177,32.6599495798505,15.62947,42.4752055253333,61.4333142573333
272,"2024-10-14 22:00:00",999,18.2,4.1110706944778,0.859445258205943,1.28582737089703,5.94370109807581,8.172,32.7135166866772,15.7654130312094,42.475441459596,61.4293231919192
273,"2024-10-14 23:00:00",999,18.2,4.12777910847812,0.773960797549352,1.30278039877468,6.50324660365102,8.176,32.5989220139785,16.0837473579395,42.5381934761902,61.3446142857147
274,"2024-10-15",999,18.1,4.37661952014699,0.5983,1.221,6.19408417670446,8.196,33.3265321499707,17.826148308782,42.6658796421431,61.1549194135789
275,"2024-10-15 01:00:00",999,18.4,4.16396623509569,0.757,1.36267255709052,8.6664855080443,8.183,32.5876598122865,16.4854800835663,42.7957394571261,60.9786470285254
276,"2024-10-15 02:00:00",999,18.140499997139,4.10804457451535,0.675263172579239,1.33943682742076,5.13656203072179,8.176,32.4709391678481,16.0276307281329,42.9166288216676,60.8036943766653
277,"2024-10-15 03:00:00",999,18.0637195083539,3.84969827832879,1.55434302194351,1.5995,4.68189943485835,8.145,31.4554208349864,14.4351700039673,43.0317244450018,60.6354529266641
278,"2024-10-15 04:00:00",999,18.1650000095367,3.88717510302191,1.02794576883099,1.5629,5.64091842635814,8.149,31.6438272054338,14.6219791458529,43.1459175940007,60.4756120411658
279,"2024-10-15 05:00:00",999,18.3276999950409,3.778203,1.27342430493044,1.6936051609633,2.38210073650981,8.13652670531283,31.1903767953625,13.9564837387438,43.2558573853871,60.3238681496472
280,"2024-10-15 06:00:00",999,18.2,3.80134807561422,0.971794558695754,1.67999455869575,6.36780746009022,8.136,31.0956653730666,14.33592,43.3626458098533,60.166100332018
281,"2024-10-15 07:00:00",999,18.0367886179354,3.82657509393463,0.948849979912261,1.65195002008774,10.8005210654875,8.145,31.2654200837784,14.4101866333838,43.4755261636646,60.0071803983971
282,"2024-10-15 08:00:00",999,18.2,3.7889437607508,1.09533688733604,1.70076311266396,5.52815803796976,8.145,30.8934450890113,14.44784083616,43.5866549029011,59.8447299741435
283,"2024-10-15 09:00:00",999,18.0402390453384,3.77651584503258,1.08516465883414,1.7582,4.27344546186544,8.139,30.6000874152363,14.676412951721,43.7013494606632,59.6804350860046
284,"2024-10-15 10:00:00",999,18.2393162400129,3.70610042624993,1.16005358188386,1.8681,1.11159880573718,8.14556411801849,30.4698266706848,14.0314789765226,43.8136532657655,59.5193839027365
285,"2024-10-15 11:00:00",999,18.1,3.78124145802564,1.12845489534922,1.7756260219695,4.40569475303686,8.139,30.5456288733797,14.79992211565,43.9241356133332,59.3546824640002
286,"2024-10-15 12:00:00",999,18.487290643796,3.79902372395006,1.22281816390893,1.73726061203036,5.59644369085658,8.139,30.6787134626895,14.8339160812805,44.0398029924916,59.1894898670351
287,"2024-10-15 13:00:00",999,18.5,3.68087929511362,1.19130400772372,1.8926,2.52732552912774,8.143,30.3634941973861,13.8739625503638,44.0977794541667,59.1058956916667
288,"2024-10-15 14:00:00",999,18.2,3.708447,1.0501,1.8437,6.61676695958857,8.146,30.4207618904196,14.1207185490763,44.0977700600601,59.1058305073407
289,"2024-10-15 15:00:00",999,17.6186226854207,3.734251,1.10232888565762,1.7949,2.81561247033302,8.145,30.4687091618216,14.357732142442,44.0972123328329,59.1053815835836
290,"2024-10-15 16:00:00",999,18.5,3.682845,1.07109438084303,1.88373353406809,9.25993515473504,8.142,30.3496325105333,13.9143093618334,44.0102206203612,59.0004060615756
291,"2024-10-15 17:00:00",999,18.2736945817668,3.69181,0.887887395449542,1.8681,8.01865917179843,8.147,30.3539678330107,14.0127541948209,44.0098575,59.0000970383333
292,"2024-10-15 18:00:00",999,18.1,3.69656313442821,0.894699599758195,1.83829919951639,7.75297167362849,8.147,30.3692820164232,14.0484689917884,44.0097597173332,59.0002070386667
293,"2024-10-15 19:00:00",999,17.9568568979948,3.69542557102935,0.9035,1.8403363344197,5.34944618812991,8.147,30.4024135654402,13.9932770027946,43.9990277507514,58.9954193873877
294,"2024-10-15 20:00:00",999,18.1395395347616,3.79021590616144,1.0745,1.6117,5.04914943744186,8.14562044820499,31.2794966386462,13.98266,43.863208518334,58.9064970376674
295,"2024-10-15 21:00:00",999,18.3443000078201,3.773221,1.32415937176729,1.6484,9.10294948169498,8.147,31.2124,13.87293,43.8635362174998,58.9116201494997
296,"2024-10-15 22:00:00",999,17.9,3.78524420811497,1.3919,1.6361,6.79193004522553,8.147,31.3067274132034,13.8930164821241,43.848322121622,58.927421420253
297,"2024-10-15 23:00:00",999,18.3156000137329,3.72217370118286,1.1966,1.77939231372095,5.75599979370771,8.147,30.7179186634522,13.9045302147217,43.8887338616668,58.953903098333
298,"2024-10-16",999,18.5571571629384,3.707355,1.19100396064829,1.7949,2.32240672908997,8.147,30.6313,13.84257,43.888392903,58.9536042563333
299,"2024-10-16 01:00:00",999,17.9,3.7265950708199,1.16,1.7582,6.76049272796197,8.147,30.7778396479742,13.8803495979297,43.8883478491667,58.9536292833333
300,"2024-10-16 02:00:00",999,18.5667667674596,3.72613306341657,1.17547830618218,1.7582,5.28695398365055,8.147,30.8096163154813,13.83538,43.88844548,58.9537222933335
301,"2024-10-16 03:00:00",999,18.1700000047684,3.83266861072049,1.0044702539499,1.5539702539499,7.78344179395031,8.155,31.3910876375217,14.3233659971875,43.7912017566053,58.9006943292682
302,"2024-10-16 04:00:00",999,18.3944882118885,3.840489,1.11680834678863,1.54174582660569,4.43774835104579,8.155,31.4745596308167,14.3084504614792,43.7900590390002,58.8999528199998
303,"2024-10-16 05:00:00",999,18.6200985197144,3.841586,1.1111,1.5385,6.92615410602054,8.155,31.528459271848,14.2545768373748,43.7900197,58.8999958416666
304,"2024-10-16 06:00:00",999,17.8715736108186,3.8329408561113,1.08348779845204,1.55968779845204,4.77893983461733,8.155,31.4633632952089,14.23754,43.7900374533332,58.9000343386666
305,"2024-10-16 07:00:00",999,17.8109999895096,3.83817357371524,1.33769187800065,1.5507,4.75554837163752,8.15470274057373,31.6236664933033,14.10012,43.7431970573347,58.8009475346705
306,"2024-10-16 08:00:00",999,18.2743243288959,4.03234538175094,0.897168107459711,1.3309,8.41741635102833,8.175,32.5692557022756,15.0912384953855,43.6560914864866,58.6036001446449
307,"2024-10-16 09:00:00",999,18.441414149685,4.19343359151882,0.790543188702269,1.2698,9.27989702245253,8.204,33.2057769953975,16.050940688145,43.5625323436678,58.4012389826691
308,"2024-10-16 10:00:00",999,18.0809458631357,4.179197,0.784549820344418,1.2698,2.82775322818639,8.20271958522585,33.1531463502271,15.9632415755797,43.4699250867523,58.196577985316
309,"2024-10-16 11:00:00",999,18.2,4.22061321192139,0.6471,1.23009307635418,2.74045226751018,8.197,33.0150291992854,16.56783,43.3707980190167,57.9877167078694
310,"2024-10-16 12:00:00",999,18.3324553189437,4.243638,0.6838,1.2698,5.47868317562491,8.202,33.2638096529285,16.5106658236692,43.2751897882878,57.775774545044
311,"2024-10-16 13:00:00",999,17.6596058740708,4.41209366472959,0.5861,1.1966,5.71588322437636,8.205,33.4632366472959,18.0274853930859,43.2017674426664,57.6082921428328
312,"2024-10-16 14:00:00",999,17.8207317318421,4.36373960932281,0.576967693419752,1.1966,8.03367286319873,8.201,33.3027754350841,17.720985513116,43.2007330795,57.6116970488333
313,"2024-10-16 15:00:00",999,17.825418712408,4.33400191025305,0.515860949128493,1.21793905087151,6.2373634033474,8.198,33.2102247307591,17.5235044076701,43.2057666006001,57.6117325645663
314,"2024-10-16 16:00:00",999,18.3452493133971,4.31958573160964,0.491417256376619,1.221,4.97680182696115,8.198,33.230366679899,17.3481098807348,43.2725104239969,57.5837578286679
315,"2024-10-16 17:00:00",999,17.9677999973297,4.37554310766403,0.497571286339342,1.18742871366066,8.97090463812187,8.207,33.5405930208723,17.5546540677415,43.4211153536849,57.5387844808147
316,"2024-10-16 18:00:00",999,18.035755264925,4.39520321944025,0.677845309284804,1.19956519292757,4.88590690368506,8.211,33.6467458291604,17.6298963652421,43.4734238899999,57.52660578
317,"2024-10-16 19:00:00",999,18.2,4.39687600481866,0.711137989256284,1.19953798925628,4.89126728298605,8.206,33.6636628536919,17.6268187056354,43.4734213775,57.5265402911666
318,"2024-10-16 20:00:00",999,18.2103896086662,4.44376329172412,0.729639401837986,1.17516059816201,4.85623691188617,8.20621335990247,33.7778125423668,17.97219,43.4735382213333,57.526631044
319,"2024-10-16 21:00:00",999,17.9523373980785,4.46811563242552,0.754094422043271,1.18149442204327,4.81951147443852,8.209,33.8478619783404,18.1375167134893,43.4736163596667,57.5266384385
320,"2024-10-16 22:00:00",999,18.1251999855041,4.49439871523334,0.808769435891503,1.1722,4.87679174017609,8.208,33.948329440101,18.2850553602357,43.472103656,57.5246988546667
321,"2024-10-16 23:00:00",999,18.3581300617005,4.33770145996211,0.821684346133822,1.21167188462206,4.94519114120832,8.20494160151543,33.528911860341,17.1757397832271,43.567677498646,57.6237341756447
322,"2024-10-17",999,18.7405512209213,4.2664189167437,0.928,1.25476296165436,5.03322762531713,8.201,33.3309000602552,16.669330959099,43.6749649000024,57.727602900003
323,"2024-10-17 01:00:00",999,18.896753238998,4.28695997259589,0.845330966361662,1.21816903363834,4.9897702773122,8.205,33.4413303860731,16.7519125445281,43.7794929525014,57.8243238325015
324,"2024-10-17 02:00:00",999,17.8739000082016,4.22010920284113,0.790843368682301,1.24256659332716,5.17245655903402,8.203,33.2498393478692,16.2796958471757,43.8088886715898,57.8642840324832
325,"2024-10-17 03:00:00",999,18.2360999822617,4.08252866759549,0.864081630346069,1.29711836965393,3.40343142502102,8.178,32.6950075944376,15.4812729105439,43.8963137591693,57.9588157973366
326,"2024-10-17 04:00:00",999,18.7340000152588,3.91430756062262,1.13829980002034,1.41919980002034,10.3192214157335,8.16,32.1503393557365,14.3068795318009,43.995139825331,58.0517359946631
327,"2024-10-17 05:00:00",999,17.7170443233116,3.77776259341815,1.47079034875861,1.52348191435529,5.47955896574856,8.151,31.9933749351848,12.9814241256171,44.0979787034977,58.1413122904971
328,"2024-10-17 06:00:00",999,17.5801724095407,3.738755,1.98623411615296,1.58456277337695,5.50441058654516,8.147,31.7830916716893,12.7940101866282,44.1519330966656,58.1727575766669
329,"2024-10-17 07:00:00",999,17.6369999885559,3.747917,1.7216,1.6117,5.41557778550505,8.14189270041616,31.5367660949376,13.1919684543239,44.2850484804791,58.1360077547552
330,"2024-10-17 08:00:00",999,18.1114176878477,3.74849167453485,1.16120580119754,1.6484,5.39226228146214,8.149,31.2991336867372,13.4865920064008,44.4257567062064,58.0967705453787
331,"2024-10-17 09:00:00",999,17.6330664597955,3.78701941694951,1.2332,1.5751,5.31388136950766,8.152,31.4431223728815,13.746151016953,44.5729637813365,58.0601177959986
332,"2024-10-17 10:00:00",999,18.2537601203723,3.73762451990211,0.974098379440469,1.7094,4.01432364074727,8.161,30.9282335667076,13.8192872034274,44.7207483875042,58.0196523343325
333,"2024-10-17 11:00:00",999,18.0835645849862,3.68195,1.04741260426132,1.8437,5.36112761041118,8.158,30.6039321670035,13.5838758051625,44.8743916506626,57.9800496196673
334,"2024-10-17 12:00:00",999,18.1999999765105,3.66558703532365,0.986360706254868,1.78006070625487,5.4637485832089,8.147,31.0431057395481,12.85376,45.0309727446638,57.9389775748337
335,"2024-10-17 13:00:00",999,18.0353353814901,3.662333,1.05703342678032,1.7705,5.46017984921045,8.151,31.0215,12.84277,45.1797739433299,57.8973152953346
336,"2024-10-17 14:00:00",999,18.4212430498113,3.681159,0.934986115255771,1.7949,5.42295217878214,8.155,30.9105,13.19474,45.3278967983303,57.8588159500008
337,"2024-10-17 15:00:00",999,17.637350716576,3.619497,1.26019963992022,1.92660036007978,5.48863833523147,8.152,30.6769,12.77085,45.4358286833332,57.8273529333332
338,"2024-10-17 16:00:00",999,17.9120197039475,3.65830830421284,0.906063016113582,1.8411578214158,5.47388390932744,8.155,30.8038833501175,13.0631105396108,45.3673443008341,57.8461981291666
339,"2024-10-17 17:00:00",999,18.9883999586105,3.67545894518538,0.9035,1.73636739355319,5.48976645959497,8.156,31.1178265852975,12.8759013002421,45.2106593866663,57.8916863733334
340,"2024-10-17 18:00:00",999,18.2,3.68090241340288,0.742261087863346,1.7216,5.46449738965572,8.155,31.0044954043492,13.07639,45.0496270758316,57.9350449950005
341,"2024-10-17 19:00:00",999,18.5984985119722,3.683245,0.957455154597687,1.8071,5.4118908066593,8.162,30.6196513858395,13.5792704087773,44.890551938335,57.9733146466662
342,"2024-10-17 20:00:00",999,17.9,3.721108,0.92304394973717,1.71913208925688,5.37092309508973,8.16519084893668,30.8325,13.74927,44.7362218093364,58.0158691156658
343,"2024-10-17 21:00:00",999,15.9366366515438,3.756682,1.41888015252665,1.63113969494671,5.41120091869085,8.162,31.262,13.62468,44.5864331188288,58.0579161536675
344,"2024-10-17 22:00:00",999,18.5383954045111,3.75573067935826,1.93171823639818,1.57752044090045,5.46111244070981,8.164,31.5567689378863,13.2558707414651,44.4421559040039,58.0951756433325
345,"2024-10-17 23:00:00",999,18.3438438370353,3.71003969593738,2.19323706917611,1.62637709563919,5.52187154139817,8.15281216250465,31.5483390878122,12.7500958411554,44.2940749138363,58.134443988166
346,"2024-10-18",999,18.1116750778794,3.746528,1.88269492297819,1.55307545205966,5.51631310078885,8.161,31.7693,12.89774,44.1380870436676,58.1663690726656
347,"2024-10-18 01:00:00",999,18.1085713936727,3.744237,1.88836907663496,1.5629,5.5251731899762,8.161,31.7699,12.87135,44.1331263433333,58.1749347366667
348,"2024-10-18 02:00:00",999,17.8181280784475,3.746427,1.80397438068679,1.55251487613736,5.50408104776302,8.161,31.7782,12.88604,44.1331106493333,58.1749595746667
349,"2024-10-18 03:00:00",999,17.9727727846698,3.7446991011636,1.91315486472923,1.5629,5.50132078602913,8.161,31.7779945525067,12.8668598832542,44.1417253673686,58.185767804806
350,"2024-10-18 04:00:00",999,18.1895999908447,3.746323,1.60125300969887,1.57685300969887,5.43578728920456,8.159,31.5214,13.19252,44.2675183466708,58.3030333100033
351,"2024-10-18 05:00:00",999,18.2595959503521,3.709154,1.02279922212458,1.685,5.42164239659384,8.163,31.0148,13.38713,44.39057213333,58.42683658333
352,"2024-10-18 06:00:00",999,18.1550561951261,3.664818,1.12623975855762,1.83003012072119,5.38583137143387,8.168,30.5704,13.42784,44.4747988208209,58.5085779874876
353,"2024-10-18 07:00:00",999,17.9,3.65643746881097,1.11250680506122,1.84510680506122,5.393535289341,8.168,30.4862846881097,13.43588,44.5541795586641,58.5908771426638
354,"2024-10-18 08:00:00",999,18.0898522227426,3.6200603075453,1.13658188686804,2.0024,5.39185441345202,8.167,30.0671049056467,13.5404426037689,44.6904130561639,58.7290454384972
355,"2024-10-18 09:00:00",999,17.9271999835968,3.607436,1.02781886803266,2.03799509428578,2.71794604957271,8.163,29.9672,13.51943,44.8164101856667,58.8499804876667
356,"2024-10-18 10:00:00",999,17.9,3.61022768944224,1.02605838524778,2.02644534146155,5.3829883932757,8.163,29.978111180128,13.53832795032,44.816444853,58.8499605341667
357,"2024-10-18 11:00:00",999,17.9332247808284,3.56719523689214,1.41820038885838,2.22129980557081,5.44794677654303,8.151,30.0009073786429,13.002445766975,44.9499661320004,58.9791857913337
358,"2024-10-18 12:00:00",999,17.9275590514226,3.62406517184343,1.31880103510193,2.18570103510193,5.31858128050419,8.156,29.816705797096,13.9082921946337,45.0863394316682,59.1107513103348
359,"2024-10-18 13:00:00",999,18.0375999927521,3.543894,1.62764656390498,2.2466,5.33187742048986,8.147,30.0024,12.72527,45.1580401146667,59.1751128203333
360,"2024-10-18 14:00:00",999,18.1,3.53300535286979,1.4774,2.26107447494258,2.84316662445413,8.143,30.0188682936537,12.5757834526878,45.1700833703703,59.2244499629646
361,"2024-10-18 15:00:00",999,17.5407999992371,3.64538,1.21229233898495,2.1612,4.30045631719509,8.16,29.8168892178383,14.1590168793832,45.1681762653341,59.4483443706723
362,"2024-10-18 16:00:00",999,18.0341463633291,3.628446,1.04004274856985,2.149,5.25147412201647,8.1642974594853,29.7690878175643,14.0214882736535,45.1441715233324,59.6765805871724
363,"2024-10-18 17:00:00",999,18.1,3.64870137781165,1.0012,2.1245,1.65780355444476,8.16813623588821,29.6914209269756,14.3612487640642,45.2058295863376,59.6713564058308
364,"2024-10-18 18:00:00",999,17.9542682863301,3.48525436594531,1.2943,2.30173260845382,5.60460408051008,8.149,29.8697061594395,12.195866847841,45.3659964586617,59.5805615886695
365,"2024-10-18 19:00:00",999,17.9,3.50964,1.43279884317306,2.1734,11.0951689255668,8.154,30.0712065004839,12.2337635952325,45.4915875,59.5168345188333
366,"2024-10-18 20:00:00",999,17.9,3.51921635821882,1.27812173431501,2.12659319697494,8.16737566545488,8.15385089307924,30.0809512140903,12.3350199860092,45.4951731133315,59.5180799999975
367,"2024-10-18 21:00:00",999,17.9322000026703,3.5177191186426,1.29843559286644,2.21206779643322,10.7688522609972,8.157,29.8494677966044,12.6076888135483,45.6248937609979,59.6623436959976
368,"2024-10-18 22:00:00",999,17.9668549918944,3.455474,1.48157928959302,2.2711,5.73429540470639,8.147,30.0761986152919,11.5843616616497,45.6578952453334,59.7020907106666
369,"2024-10-18 23:00:00",999,17.823577242273,3.427094,1.26774462833003,2.5885,5.50350431120654,8.118,29.6248007601637,11.8064273894634,45.7523102174786,59.7801137687997
370,"2024-10-19",999,18,3.43419314719028,1.0785439572138,2.6007,5.45457337114544,8.117,29.6024148983076,11.92006,45.8249191666667,59.8500041666667
371,"2024-10-19 01:00:00",999,18.0850246334578,3.43175565673256,0.936212242744365,2.62719387862782,5.44309091361991,8.113,29.610452910593,11.88063,45.8304716173358,59.8269017146595
372,"2024-10-19 02:00:00",999,17.9,3.42670899521451,1.17415141617024,2.64130283234048,5.44927086725671,8.113,29.5491599521451,11.89704,45.9275174853344,59.6258113326644
373,"2024-10-19 03:00:00",999,18.155999994278,3.466527,1.99652086445358,2.2466,5.63874211779732,8.143,30.2594040808637,11.4906763472118,46.0252495710725,59.4308073928903
374,"2024-10-19 04:00:00",999,17.8904761985857,3.437853,1.66443880367597,2.3565,5.61349976568038,8.129,30.1813,11.24569,46.1422456853334,59.3657727853334
375,"2024-10-19 05:00:00",999,17.8960629960063,3.51724644828768,1.66894402904786,2.1612,5.4096661055983,8.137,30.5286054410753,11.7600516843292,46.2865813486639,59.4850969426644
376,"2024-10-19 06:00:00",999,18,3.60562209072067,1.56867280094154,1.8071,9.21483438881054,8.145,31.1508050448422,12.034998448601,46.4267361341335,59.6170624562891
377,"2024-10-19 07:00:00",999,17.9,3.6373627985653,1.3900118467502,1.8089881532498,5.44767579747452,8.148,31.1082071400041,12.4510081093131,46.5718448836648,59.7432668343318
378,"2024-10-19 08:00:00",999,17.9,3.409269,1.04926719219227,2.6862,2.85056839223622,8.1096097220027,29.5157,11.72865,46.7054807719994,59.8576387666661
379,"2024-10-19 09:00:00",999,17.8785000085831,3.42189875694993,1.0360251048417,2.70025965210824,1.93828738300355,8.117,29.5079475694993,11.89107,46.8394918144926,59.974505025181
380,"2024-10-19 10:00:00",999,17.9799349287899,3.4303146948537,1.31195277215096,2.83451759071699,5.38239712873106,8.134,29.0902106102926,12.5271899940062,46.967117747336,60.1321345060036
381,"2024-10-19 11:00:00",999,17.9,3.42442342002947,1.4164,2.83449462179747,5.43788419921846,8.147,28.9281176801179,12.6659462372166,47.0909556696709,60.2960370191875
382,"2024-10-19 12:00:00",999,17.9,3.448092,1.56619083089424,2.7473,5.40784815043334,8.142,29.0715449528156,12.767587238643,47.1629890366665,60.3829905400009
383,"2024-10-19 13:00:00",999,17.9622448943483,3.43607242906071,1.23672069081388,2.5275,5.57501972204467,8.119,29.9843372666322,11.4663857436428,47.1977159629966,60.375749477335
384,"2024-10-19 14:00:00",999,18.0608034680196,3.52916706300754,1.13199204398844,2.0024,5.60290078905681,8.147,30.7458262014086,11.6361802093168,47.3684262506651,60.3003679866675
385,"2024-10-19 15:00:00",999,17.9,3.57877888481,1.29775703432649,1.91354296567351,5.57391257629078,8.15,30.9942275135612,11.91338,47.3806700673401,60.296598540405
386,"2024-10-19 16:00:00",999,17.9,3.59555918484466,1.08326015950987,1.8681,5.5764170820168,8.15,31.1023334596199,11.9772478444589,47.3928761300015,60.2503994208271
387,"2024-10-19 17:00:00",999,17.9,3.657056,1.42527495947412,1.80377495947412,5.44417268295062,8.152,31.1594,12.61494,47.4358459911576,60.0472352330669
388,"2024-10-19 18:00:00",999,17.8374999969713,3.705772,1.3065,1.7338,5.39909377337259,8.151,31.3099,12.98859,47.4808965362029,60.0609469023992
389,"2024-10-19 19:00:00",999,17.6326219544698,3.558845,1.36583758797517,1.9292,5.61072825398111,8.156,30.9043182420316,11.7906281095621,47.4906424204201,59.8004672507504
390,"2024-10-19 20:00:00",999,17.8308102393921,3.6343704774978,1.80212140386428,1.7949,5.50844092138669,8.15368013608412,31.1099768353819,12.414494740957,47.451740338505,59.8404057823313
391,"2024-10-19 21:00:00",999,17.9481999874115,3.60428782420053,1.80221559333571,1.85752813555476,5.53033786382031,8.154,30.9951133453734,12.2068902709015,47.2895305133346,59.9552585733324
392,"2024-10-19 22:00:00",999,17.7,3.40266292660911,2.0040485040399,2.68783510156803,5.56326754523366,8.124,29.6541309134846,11.4753464977975,47.1311296046681,60.0784942558321
393,"2024-10-19 23:00:00",999,17.8141260105229,3.43772387936234,1.78330574235533,2.74890071779442,5.49950873371116,8.147,29.0557687936234,12.66202,46.9750048566669,60.2029967429999
394,"2024-10-20",999,18.0107000112534,3.432461,1.76620494937065,2.7610983695961,5.48905690939074,8.143,29.0693,12.58034,46.958456498,60.215930999
395,"2024-10-20 01:00:00",999,17.8,3.44031150139989,1.57667198888029,2.7961,5.41099362893704,8.142,29.0138613445357,12.7479620728239,47.0227904926667,60.1151103759998
396,"2024-10-20 02:00:00",999,17.9,3.447594,1.58887152524285,2.7839,5.43471157264833,8.14135593227752,29.0266644067722,12.8199085423834,47.0231018038333,60.1163111961667
397,"2024-10-20 03:00:00",999,17.9,3.43646007729292,2.11042608545003,2.63592657026327,5.54213205047276,8.14,29.4662985506665,12.1195413044002,47.0814216306688,60.0210983029965
398,"2024-10-20 04:00:00",999,17.9,3.40637443538821,2.01776576527695,2.61136711736152,5.5679550099461,8.12,29.7748989662113,11.369658003972,47.0998633333333,59.9914644556223
399,"2024-10-20 05:00:00",999,17.9,3.63528992098249,1.72461644339388,1.84219177830306,5.46451892628504,8.148,31.1278741748376,12.4034459151606,47.1673874489457,59.912894247752
400,"2024-10-20 06:00:00",999,17.9,3.592209,1.8452010533969,1.8696010533969,1.12173021535131,8.1543848141816,31.025,12.03155,47.2713863146667,59.7831788146667
401,"2024-10-20 07:00:00",999,17.8853420206402,3.595895,1.77973980755581,1.8681,6.45506286652391,8.154,31.0318275054912,12.0658030346197,47.2713839331666,59.7832611336667
402,"2024-10-20 08:00:00",999,17.625787409012,3.543609,1.57657207824542,1.93067207824542,5.60352775441598,8.15160331075632,30.8838723972908,11.6382031232511,47.3623232041636,59.657970309171
403,"2024-10-20 09:00:00",999,17.9,3.541027,1.95717363809392,1.80853772698435,5.65558377929207,8.14,31.3569,11.04701,47.4332751541542,59.5578505625626
404,"2024-10-20 10:00:00",999,17.8346999883652,3.54191214285566,1.917,1.8071,5.64929523114152,8.14,31.3605651260461,11.0529581652546,47.4331642202381,59.5579913690476
405,"2024-10-20 11:00:00",999,17.8316999912262,3.4231046855797,1.8315,1.86951826510759,5.94829392681743,8.12811625123833,31.8686849249046,9.10124784125544,47.5374198796695,59.4100680651622
406,"2024-10-20 12:00:00",999,17.8,3.31737613244705,1.79895442534879,1.9536,9.10676641310189,8.137,31.6470951238162,8.11834037279134,47.5834498333333,59.3415434001666
407,"2024-10-20 13:00:00",999,17.7,3.36736353051406,1.46381551652287,1.917,5.97934737955543,8.148,31.4124886517748,8.96626785599736,47.5958796886879,59.3259124547891
408,"2024-10-20 14:00:00",999,17.6523000001907,3.32672289404813,1.34178035312743,1.91568035312743,6.36456941725466,8.144,31.230454304661,8.69489664466211,47.5976480433338,59.3352023529971
409,"2024-10-20 15:00:00",999,18,3.49759983578534,1.55885435389536,1.83284854870155,5.76793049557068,8.156,31.4037473161059,10.4911851530792,47.5476875086681,59.5439863194958
410,"2024-10-20 16:00:00",999,17.9,3.47070520583769,1.56418125646542,1.77178125646542,5.84727869195531,8.158,31.469420084087,10.1041885055805,47.5252541766666,59.61241852
411,"2024-10-20 17:00:00",999,17.8,3.51979355705534,1.67542918517393,1.78401459258696,5.75828469272908,8.165,31.4055245725565,10.7454162146941,47.4199824274287,59.4911442504186
412,"2024-10-20 18:00:00",999,17.6698999881744,3.54156783081683,1.35404645776166,1.8071,5.69557921855166,8.186,31.0829007225188,11.376724214161,47.2839170686647,59.3234002673309
413,"2024-10-20 19:00:00",999,17.8735960667271,3.55098987417169,1.31991681711726,1.78148318288274,5.68578431283895,8.185,31.0835897651972,11.48497,47.1447949263301,59.1546199199963
414,"2024-10-20 20:00:00",999,17.9,3.75751413803209,1.57635065802387,1.453,5.42430343633962,8.198,31.8300481450711,12.9487049824025,47.0033216189959,58.9883864348283
