Mission / Project,,,,,,,,,,,,,
 Identifier: TEL2024-880,,,,,,,,,,,,,
 Name: Spring AZMP ,,,,,,,,,,,,,
 Operator: P. Thamer,,,,,,,,,,,,,
 Research centre: BIO,,,,,,,,,,,,,
 Dates: Apr 10 -May 1,,,,,,,,,,,,,
 Platform: CCGS Teleost,,,,,,,,,,,,,
 Equation : DO2 = ((Titrant_volume - Blank_mean) * 559.8) / ((Standard_mean - Blank_mean) * (Bottle_volume-2)) - 0.018,,,,,,,,,,,,,
Sample,Bottle#,O2_Concentration(ml/l),O2_Uncertainty(ml/l),Titrant_volume(ml),Titrant_uncertainty(ml),Analysis_date,Data_file,Standards(ml),Blanks(ml),Bottle_volume(ml),Initial_transmittance(%%),Standard_transmittance0(%%),Comments
503036_1,5158,7.814,0.007,3.926,0.005,4/11/2024 16:08,503036_1.tod,2.011 2.010 2.015,0.006 0.001 0.004,141.607,0,0,
503042_1,5113,8.496,0.006,4.278,0.004,4/11/2024 16:21,503042_1.tod,2.011 2.010 2.015,0.006 0.001 0.004,141.935,0,0,
503042_2,5032,8.49,0.006,4.244,0.004,4/11/2024 16:28,503042_2.tod,2.011 2.010 2.015,0.006 0.001 0.004,140.911,0,0,
503046_1,5115,5.452,0.007,2.784,0.003,4/11/2024 16:35,503046_1.tod,2.011 2.010 2.015,0.006 0.001 0.004,143.66,0,0,
503046_2,5072,5.459,0.007,2.571,0.001,4/11/2024 16:45,503046_2.tod,2.011 2.010 2.015,0.006 0.001 0.004,132.668,0,0,
503054_1,5114,8.711,0.007,4.251,0.006,4/11/2024 16:52,503054_1.tod,2.011 2.010 2.015,0.006 0.001 0.004,137.648,0,0,
503002_1,5055,8.561,0.006,4.224,0.002,4/11/2024 17:28,503002_1.tod,2.011 2.010 2.015,0.006 0.001 0.004,139.13,0,0,
503057_1,5152,4.169,0.008,2.152,0.002,4/12/2024 6:07,503057_1.tod,2.011 2.010 2.015,0.006 0.001 0.004,145.021,0,0,
503057_2,5090,4.196,0.008,2.078,0.003,4/12/2024 6:15,503057_2.tod,2.011 2.010 2.015,0.006 0.001 0.004,139.196,0,0,
503066_1,141,7.68,0.007,3.734,0.004,4/12/2024 6:23,503066_1.tod,2.011 2.010 2.015,0.006 0.001 0.004,137.06,0,0,
503069_1,5114,4.055,0.008,1.986,0.003,4/12/2024 6:30,503069_1.tod,2.011 2.010 2.015,0.006 0.001 0.004,137.648,0,0,
503077_1,5055,7.589,0.006,3.746,0.002,4/12/2024 7:57,503077_1.tod,2.011 2.010 2.015,0.006 0.001 0.004,139.13,0,0,
503077_2,114,7.587,0.006,3.792,0.002,4/12/2024 8:15,503077_2.tod,2.011 2.010 2.015,0.006 0.001 0.004,140.84,0,0,
503080_1,5072,6.106,0.007,2.874,0.003,4/12/2024 8:21,503080_1.tod,2.011 2.010 2.015,0.006 0.001 0.004,132.668,0,0,
503080_2,5032,6.08,0.007,3.043,0.003,4/12/2024 8:30,503080_2.tod,2.011 2.010 2.015,0.006 0.001 0.004,140.911,0,0,
503086_1,5158,7.537,0.007,3.787,0.006,4/12/2024 8:37,503086_1.tod,2.011 2.010 2.015,0.006 0.001 0.004,141.607,0,0,
503089_1,138,6.144,0.007,3.023,0.003,4/12/2024 9:48,503089_1.tod,2.011 2.010 2.015,0.006 0.001 0.004,138.598,0,0,
503096_1,5,7.94,0.007,3.954,0.003,4/12/2024 9:56,503096_1.tod,2.011 2.010 2.015,0.006 0.001 0.004,140.354,0,0,
503096_2,5045,7.937,0.007,3.787,0.004,4/12/2024 10:03,503096_2.tod,2.011 2.010 2.015,0.006 0.001 0.004,134.563,0,0,
503099_1,183,4.418,0.008,2.241,0.003,4/12/2024 12:00,503099_1.tod,2.011 2.010 2.015,0.006 0.001 0.004,142.579,0,0,
503099_2,5156,4.421,0.008,2.124,0.003,4/12/2024 12:40,503099_2.tod,2.011 2.010 2.015,0.006 0.001 0.004,135.136,0,0,
503100_1,5058,4.807,0.015,2.413,0.028,4/12/2024 12:47,503100_1.tod,2.011 2.010 2.015,0.006 0.001 0.004,141.152,0,0,Titration problem or stopped by hand. Oxygen concentation recalculated on 2024-04-12 12:50:11. Titrant volume and oxygen concentration recalculated on 2024-04-12 12:51:09.
503108_1,1,8.063,0.006,4.066,0.002,4/12/2024 12:54,503108_1.tod,2.011 2.010 2.015,0.006 0.001 0.004,142.109,0,0,
503111_1,5113,6.096,0.008,3.073,0.005,4/12/2024 13:03,503111_1.tod,2.011 2.010 2.015,0.006 0.001 0.004,141.935,0,0,
503112_1,5115,6.015,0.007,3.07,0.003,4/12/2024 13:11,503112_1.tod,2.011 2.010 2.015,0.006 0.001 0.004,143.66,0,0,
503113_1,5134,5.971,0.008,2.966,0.005,4/12/2024 13:19,503113_1.tod,2.011 2.010 2.015,0.006 0.001 0.004,139.879,0,0,
503114_1,5188,5.8,0.007,2.855,0.003,4/12/2024 13:26,503114_1.tod,2.011 2.010 2.015,0.006 0.001 0.004,138.618,0,0,
503115_1,5090,4.804,0.009,2.377,0.005,4/12/2024 13:34,503115_1.tod,2.011 2.010 2.015,0.006 0.001 0.004,139.196,0,0,
503116_1,5152,4.84,0.008,2.496,0.004,4/12/2024 13:42,503116_1.tod,2.011 2.010 2.015,0.006 0.001 0.004,145.021,0,0,
503121_1,5015,7.971,0.006,3.859,0.003,4/12/2024 13:50,503121_1.tod,2.011 2.010 2.015,0.006 0.001 0.004,136.492,0,0,
503125_1,5025,8.164,0.006,4.235,0.004,4/12/2024 13:58,503125_1.tod,2.011 2.010 2.015,0.006 0.001 0.004,146.16,0,0,
503125_2,5066,8.175,0.006,3.85,0.003,4/12/2024 14:07,503125_2.tod,2.011 2.010 2.015,0.006 0.001 0.004,132.839,0,0,
503128_1,5114,6.2,0.008,3.033,0.002,4/13/2024 7:35,503128_1.tod,2.015 2.012 2.016,0.005 0.006 0.004,137.648,0,0,
503129_1,5055,6.169,0.008,3.05,0.001,4/13/2024 8:48,503129_1.tod,2.015 2.012 2.016,0.005 0.006 0.004,139.13,0,0,
503130_1,5,6.034,0.009,3.011,0.004,4/13/2024 8:55,503130_1.tod,2.015 2.012 2.016,0.005 0.006 0.004,140.354,0,0,
503131_1,5158,5.779,0.011,2.91,0.008,4/13/2024 9:02,503131_1.tod,2.015 2.012 2.016,0.005 0.006 0.004,141.607,0,0,
503132_1,138,5.146,0.01,2.537,0.004,4/13/2024 9:07,503132_1.tod,2.015 2.012 2.016,0.005 0.006 0.004,138.598,0,0,
503133_1,114,5.356,0.009,2.683,0.004,4/13/2024 9:14,503133_1.tod,2.015 2.012 2.016,0.005 0.006 0.004,140.84,0,0,
503138_1,5072,7.603,0.005,3.58,0.011,4/13/2024 9:22,503138_1.tod,2.015 2.012 2.016,0.005 0.006 0.004,132.668,0,0,bubbles Titrant volume and oxygen concentration recalculated on 2024-04-13 09:30:20.
503142_1,5032,8.367,0.008,4.186,0.003,4/13/2024 9:32,503142_1.tod,2.015 2.012 2.016,0.005 0.006 0.004,140.911,0,0,
503145_1,5058,6.168,0.008,3.094,0.003,4/13/2024 9:41,503145_1.tod,2.015 2.012 2.016,0.005 0.006 0.004,141.152,0,0,
503146_1,5156,6.142,0.009,2.949,0.004,4/13/2024 9:48,503146_1.tod,2.015 2.012 2.016,0.005 0.006 0.004,135.136,0,0,
503147_1,5015,5.967,0.009,2.894,0.003,4/13/2024 9:55,503147_1.tod,2.015 2.012 2.016,0.005 0.006 0.004,136.492,0,0,
503148_1,5025,5.41,0.008,2.813,0.001,4/13/2024 10:03,503148_1.tod,2.015 2.012 2.016,0.005 0.006 0.004,146.16,0,0,
503149_1,5066,4.963,0.01,2.344,0.005,4/13/2024 10:10,503149_1.tod,2.015 2.012 2.016,0.005 0.006 0.004,132.839,0,0,
503150_1,5152,5.537,0.004,2.857,0.007,4/13/2024 12:07,503150_1.tod,2.015 2.012 2.016,0.005 0.006 0.004,145.021,0,0,Titrant volume and oxygen concentration recalculated on 2024-04-13 12:11:35.
503155_1,5090,8.002,0.008,3.954,0.004,4/13/2024 12:13,503155_1.tod,2.015 2.012 2.016,0.005 0.006 0.004,139.196,0,0,
503159_1,5004,8.421,0.008,4.262,0.003,4/13/2024 12:20,503159_1.tod,2.015 2.012 2.016,0.005 0.006 0.004,142.553,0,0,
503159_2,5027,8.794,0.008,4.422,0.004,4/13/2024 12:30,503159_2.tod,2.015 2.012 2.016,0.005 0.006 0.004,141.663,0,0,
503163_1,5188,6.053,0.009,2.982,0.004,4/13/2024 12:37,503163_1.tod,2.015 2.012 2.016,0.005 0.006 0.004,138.618,0,0,
503165_1,131,5.1,0.01,2.484,0.003,4/13/2024 12:44,503165_1.tod,2.015 2.012 2.016,0.005 0.006 0.004,136.956,0,0,
503166_1,5018,5.292,0.011,2.615,0.007,4/13/2024 12:51,503166_1.tod,2.015 2.012 2.016,0.005 0.006 0.004,138.916,0,0,
503175_1,5113,8.287,0.008,4.176,0.005,4/13/2024 12:58,503175_1.tod,2.015 2.012 2.016,0.005 0.006 0.004,141.935,0,0,
503003_1,141,8.041,0.009,3.912,0.005,4/13/2024 13:07,503003_1.tod,2.015 2.012 2.016,0.005 0.006 0.004,137.06,0,0,
503178_1,5027,7.746,0.008,3.897,0.002,4/14/2024 6:08,503178_1.tod,2.015 2.012 2.016,0.005 0.006 0.004,141.663,0,0,
503178_2,5018,7.386,0.008,3.644,0.003,4/14/2024 6:16,503178_2.tod,2.015 2.012 2.016,0.005 0.006 0.004,138.916,0,0,
503183_1,5113,7.498,0.008,3.78,0.003,4/14/2024 6:24,503183_1.tod,2.015 2.012 2.016,0.005 0.006 0.004,141.935,0,0,
503186_1,131,6.904,0.009,3.358,0.003,4/14/2024 9:31,503186_1.tod,2.015 2.012 2.016,0.005 0.006 0.004,136.956,0,0,
503194_1,5188,7.338,0.009,3.612,0.005,4/14/2024 9:39,503194_1.tod,2.015 2.012 2.016,0.005 0.006 0.004,138.618,0,0,
503194_2,141,7.344,0.008,3.574,0.003,4/14/2024 9:47,503194_2.tod,2.015 2.012 2.016,0.005 0.006 0.004,137.06,0,0,
503197_1,5027,5.131,0.009,2.586,0.002,4/14/2024 12:56,503197_1.tod,2.015 2.012 2.016,0.005 0.006 0.004,141.663,0,0,
503197_2,5113,4.877,0.009,2.464,0.002,4/14/2024 13:04,503197_2.tod,2.015 2.012 2.016,0.005 0.006 0.004,141.935,0,0,
503206_1,5018,7.277,0.008,3.59,0.004,4/14/2024 13:12,503206_1.tod,2.015 2.012 2.016,0.005 0.006 0.004,138.916,0,0,
503209_1,5004,4.016,0.01,2.04,0.003,4/14/2024 16:47,503209_1.tod,2.015 2.012 2.016,0.005 0.006 0.004,142.553,0,0,
503218_1,141,7.303,0.008,3.554,0.003,4/14/2024 16:53,503218_1.tod,2.015 2.012 2.016,0.005 0.006 0.004,137.06,0,0,
503218_2,5188,7.306,0.009,3.596,0.004,4/14/2024 17:00,503218_2.tod,2.015 2.012 2.016,0.005 0.006 0.004,138.618,0,0,
503004_1,5113,7.269,0.009,3.665,0.006,4/14/2024 17:06,503004_1.tod,2.015 2.012 2.016,0.005 0.006 0.004,141.935,0,0,
503221_1,5027,4.106,0.011,2.073,0.004,4/14/2024 21:00,503221_1.tod,2.015 2.012 2.016,0.005 0.006 0.004,141.663,0,0,
503221_2,131,3.893,0.01,1.9,0.002,4/14/2024 21:08,503221_2.tod,2.015 2.012 2.016,0.005 0.006 0.004,136.956,0,0,
503230_1,5018,7.184,0.009,3.544,0.004,4/14/2024 21:15,503230_1.tod,2.015 2.012 2.016,0.005 0.006 0.004,138.916,0,0,
503233_1,5058,6.201,0.009,3.111,0.005,4/15/2024 0:16,503233_1.tod,2.015 2.012 2.016,0.005 0.006 0.004,141.152,0,0,
503241_1,5032,7.112,0.008,3.56,0.003,4/15/2024 0:24,503241_1.tod,2.015 2.012 2.016,0.005 0.006 0.004,140.911,0,0,
503241_2,5072,7.104,0.009,3.345,0.004,4/15/2024 0:33,503241_2.tod,2.015 2.012 2.016,0.005 0.006 0.004,132.668,0,0,
503244_1,138,4.639,0.01,2.288,0.004,4/15/2024 3:02,503244_1.tod,2.015 2.012 2.016,0.005 0.006 0.004,138.598,0,0,
503244_2,114,4.663,0.01,2.338,0.003,4/15/2024 3:09,503244_2.tod,2.015 2.012 2.016,0.005 0.006 0.004,140.84,0,0,
503252_1,5158,7.3,0.008,3.672,0.002,4/15/2024 3:15,503252_1.tod,2.015 2.012 2.016,0.005 0.006 0.004,141.607,0,0,
503255_1,5018,4.25,0.011,2.103,0.005,4/15/2024 5:35,503255_1.tod,2.015 2.012 2.016,0.005 0.006 0.004,138.916,0,0,
503263_1,5027,7.598,0.008,3.823,0.002,4/15/2024 5:42,503263_1.tod,2.015 2.012 2.016,0.005 0.006 0.004,141.663,0,0,
503263_2,131,7.25,0.008,3.526,0.002,4/15/2024 5:50,503263_2.tod,2.015 2.012 2.016,0.005 0.006 0.004,136.956,0,0,
503272_1,5032,7.202,0.008,3.605,0.003,4/15/2024 5:58,503272_1.tod,2.015 2.012 2.016,0.005 0.006 0.004,140.911,0,0,
503266_1,5072,6.143,0.009,2.895,0.003,4/15/2024 6:06,503266_1.tod,2.015 2.012 2.016,0.005 0.006 0.004,132.668,0,0,
503266_2,5156,6.137,0.009,2.946,0.004,4/15/2024 6:13,503266_2.tod,2.015 2.012 2.016,0.005 0.006 0.004,135.136,0,0,
503275_1,5158,5.963,0.009,3.002,0.003,4/15/2024 8:03,503275_1.tod,2.015 2.012 2.016,0.005 0.006 0.004,141.607,0,0,
503282_1,5015,7.191,0.008,3.485,0.003,4/15/2024 8:11,503282_1.tod,2.015 2.012 2.016,0.005 0.006 0.004,136.492,0,0,
503282_2,5025,7.203,0.009,3.741,0.005,4/15/2024 8:19,503282_2.tod,2.015 2.012 2.016,0.005 0.006 0.004,146.16,0,0,
503285_1,5032,4.664,0.011,2.339,0.006,4/15/2024 10:05,503285_1.tod,2.015 2.012 2.016,0.005 0.006 0.004,140.911,0,0,
503285_2,5156,4.641,0.01,2.232,0.002,4/15/2024 10:12,503285_2.tod,2.015 2.012 2.016,0.005 0.006 0.004,135.136,0,0,
503293_1,5072,7.217,0.009,3.398,0.005,4/15/2024 10:20,503293_1.tod,2.015 2.012 2.016,0.005 0.006 0.004,132.668,0,0,
503296_1,5158,4.561,0.01,2.299,0.003,4/15/2024 13:59,503296_1.tod,2.015 2.012 2.016,0.005 0.006 0.004,141.607,0,0,
503304_1,5015,7.266,0.008,3.521,0.002,4/15/2024 14:06,503304_1.tod,2.015 2.012 2.016,0.005 0.006 0.004,136.492,0,0,
503304_2,5025,7.263,0.008,3.773,0.003,4/15/2024 14:12,503304_2.tod,2.015 2.012 2.016,0.005 0.006 0.004,146.16,0,0,
503005_1,5004,7.225,0.008,3.659,0.004,4/15/2024 16:03,503005_1.tod,2.015 2.012 2.016,0.005 0.006 0.004,142.553,0,0,
503307_1,5032,4.595,0.01,2.305,0.004,4/15/2024 16:11,503307_1.tod,2.015 2.012 2.016,0.005 0.006 0.004,140.911,0,0,
503307_2,5072,4.604,0.011,2.173,0.005,4/15/2024 16:18,503307_2.tod,2.015 2.012 2.016,0.005 0.006 0.004,132.668,0,0,
503316_1,5156,7.257,0.009,3.482,0.004,4/15/2024 16:25,503316_1.tod,2.015 2.012 2.016,0.005 0.006 0.004,135.136,0,0,
503319_1,5018,4.297,0.012,2.126,0.006,4/15/2024 18:26,503319_1.tod,2.015 2.012 2.016,0.005 0.006 0.004,138.916,0,0,
503328_1,114,7.313,0.008,3.658,0.004,4/15/2024 18:33,503328_1.tod,2.015 2.012 2.016,0.005 0.006 0.004,140.84,0,0,
503328_2,138,7.32,0.008,3.603,0.003,4/15/2024 18:41,503328_2.tod,2.015 2.012 2.016,0.005 0.006 0.004,138.598,0,0,
503331_1,5156,4.564,0.01,2.195,0.003,4/15/2024 21:36,503331_1.tod,2.015 2.012 2.016,0.005 0.006 0.004,135.136,0,0,
503331_2,5025,4.637,0.012,2.414,0.024,4/15/2024 21:43,503331_2.tod,2.015 2.012 2.016,0.005 0.006 0.004,146.16,0,0,Titration problem or stopped by hand. Titrant volume and oxygen concentration recalculated on 2024-04-16 07:26:37.
503339_1,5072,7.338,0.008,3.455,0.003,4/15/2024 21:48,503339_1.tod,2.015 2.012 2.016,0.005 0.006 0.004,132.668,0,0,
503342_1,5018,4.848,0.009,2.396,0.003,4/16/2024 0:26,503342_1.tod,2.015 2.012 2.016,0.005 0.006 0.004,138.916,0,0,
503351_1,114,7.299,0.009,3.651,0.005,4/16/2024 0:33,503351_1.tod,2.015 2.012 2.016,0.005 0.006 0.004,140.84,0,0,
503351_2,138,7.29,0.009,3.588,0.005,4/16/2024 0:42,503351_2.tod,2.015 2.012 2.016,0.005 0.006 0.004,138.598,0,0,
503354_1,5188,4.624,0.012,2.281,0.008,4/16/2024 3:48,503354_1.tod,2.015 2.012 2.016,0.005 0.006 0.004,138.618,0,0,
503354_2,5152,4.58,0.01,2.365,0.003,4/16/2024 3:54,503354_2.tod,2.015 2.012 2.016,0.005 0.006 0.004,145.021,0,0,
503355_1,5055,4.558,0.01,2.257,0.003,4/16/2024 4:01,503355_1.tod,2.015 2.012 2.016,0.005 0.006 0.004,139.13,0,0,
503364_1,5032,7.336,0.008,3.672,0.004,4/16/2024 4:07,503364_1.tod,2.015 2.012 2.016,0.005 0.006 0.004,140.911,0,0,
503367_1,5018,4.538,0.01,2.244,0.003,4/16/2024 7:31,503367_1.tod,2.015 2.012 2.016,0.005 0.006 0.004,138.916,0,0,
503368_1,5015,4.467,0.011,2.17,0.005,4/16/2024 7:38,503368_1.tod,2.015 2.012 2.016,0.005 0.006 0.004,136.492,0,0,
503377_1,5027,7.721,0.008,3.884,0.002,4/16/2024 7:46,503377_1.tod,2.015 2.012 2.016,0.005 0.006 0.004,141.663,0,0,
503377_2,5004,7.386,0.008,3.74,0.003,4/16/2024 7:55,503377_2.tod,2.015 2.012 2.016,0.005 0.006 0.004,142.553,0,0,
503380_1,5152,4.905,0.011,2.532,0.007,4/16/2024 10:36,503380_1.tod,2.015 2.012 2.016,0.005 0.006 0.004,145.021,0,0,
503380_2,131,4.895,0.01,2.385,0.003,4/16/2024 10:43,503380_2.tod,2.015 2.012 2.016,0.005 0.006 0.004,136.956,0,0,
503381_1,5055,4.885,0.01,2.418,0.003,4/16/2024 10:51,503381_1.tod,2.015 2.012 2.016,0.005 0.006 0.004,139.13,0,0,
503390_1,5032,7.761,0.009,3.884,0.006,4/16/2024 10:59,503390_1.tod,2.015 2.012 2.016,0.005 0.006 0.004,140.911,0,0,
503006_1,114,7.843,0.008,3.922,0.004,4/16/2024 13:30,503006_1.tod,2.015 2.012 2.016,0.005 0.006 0.004,140.84,0,0,
503394_1,5018,4.85,0.01,2.401,0.005,4/18/2024 6:56,503394_1.tod,2.017 2.018 2.018,0.005 0.002 0.009,138.916,0,0,
503394_2,5004,4.851,0.01,2.465,0.004,4/18/2024 7:03,503394_2.tod,2.017 2.018 2.018,0.005 0.002 0.009,142.553,0,0,
503402_1,5055,8.257,0.008,4.084,0.003,4/18/2024 7:10,503402_1.tod,2.017 2.018 2.018,0.005 0.002 0.009,139.13,0,0,
503405_1,5152,7.198,0.008,3.715,0.002,4/18/2024 16:54,503405_1.tod,2.017 2.018 2.018,0.005 0.002 0.009,145.021,0,0,
503410_1,114,8.399,0.008,4.206,0.004,4/18/2024 17:00,503410_1.tod,2.017 2.018 2.018,0.005 0.002 0.009,140.84,0,0,
503410_2,131,8.416,0.008,4.097,0.003,4/18/2024 17:06,503410_2.tod,2.017 2.018 2.018,0.005 0.002 0.009,136.956,0,0,
503007_1,5025,8.611,0.007,4.477,0.003,4/18/2024 17:28,503007_1.tod,2.017 2.018 2.018,0.005 0.002 0.009,146.16,0,0,
503413_1,5027,7.39,0.008,3.724,0.003,4/18/2024 17:36,503413_1.tod,2.017 2.018 2.018,0.005 0.002 0.009,141.663,0,0,
503413_2,5156,7.058,0.008,3.392,0.002,4/18/2024 17:43,503413_2.tod,2.017 2.018 2.018,0.005 0.002 0.009,135.136,0,0,
503420_1,5018,8.713,0.009,4.302,0.011,4/18/2024 17:49,503420_1.tod,2.017 2.018 2.018,0.005 0.002 0.009,138.916,0,0,
503423_1,5032,6.995,0.008,3.508,0.003,4/19/2024 0:45,503423_1.tod,2.017 2.018 2.018,0.005 0.002 0.009,140.911,0,0,
503430_1,5055,8.799,0.007,4.351,0.002,4/19/2024 0:52,503430_1.tod,2.017 2.018 2.018,0.005 0.002 0.009,139.13,0,0,
503430_2,5004,8.796,0.007,4.458,0.003,4/19/2024 0:59,503430_2.tod,2.017 2.018 2.018,0.005 0.002 0.009,142.553,0,0,
503433_1,5027,7.219,0.008,3.639,0.004,4/19/2024 1:05,503433_1.tod,2.017 2.018 2.018,0.005 0.002 0.009,141.663,0,0,
503433_2,5156,6.887,0.008,3.31,0.002,4/19/2024 1:11,503433_2.tod,2.017 2.018 2.018,0.005 0.002 0.009,135.136,0,0,
503440_1,5018,8.305,0.008,4.102,0.005,4/19/2024 1:16,503440_1.tod,2.017 2.018 2.018,0.005 0.002 0.009,138.916,0,0,
503443_1,5188,4.264,0.01,2.108,0.003,4/19/2024 1:23,503443_1.tod,2.017 2.018 2.018,0.005 0.002 0.009,138.618,0,0,
503452_1,5072,9.056,0.008,4.267,0.003,4/19/2024 1:29,503452_1.tod,2.017 2.018 2.018,0.005 0.002 0.009,132.668,0,0,
503452_2,5090,9.038,0.009,4.472,0.012,4/19/2024 1:35,503452_2.tod,2.017 2.018 2.018,0.005 0.002 0.009,139.196,0,0,
503455_1,5066,6.03,0.008,2.85,0.003,4/19/2024 5:09,503455_1.tod,2.017 2.018 2.018,0.005 0.002 0.009,132.839,0,0,
503455_2,5134,6.027,0.008,3.002,0.002,4/19/2024 5:15,503455_2.tod,2.017 2.018 2.018,0.005 0.002 0.009,139.879,0,0,
503459_1,5115,3.676,0.01,1.886,0.002,4/19/2024 5:20,503459_1.tod,2.017 2.018 2.018,0.005 0.002 0.009,143.66,0,0,
503468_1,5152,8.073,0.017,4.165,0.042,4/19/2024 5:26,503468_1.tod,2.017 2.018 2.018,0.005 0.002 0.009,145.021,0,0,
503471_1,5045,6.164,0.008,2.951,0.002,4/19/2024 12:16,503471_1.tod,2.017 2.018 2.018,0.005 0.002 0.009,134.563,0,0,
503475_1,1,3.772,0.01,1.914,0.002,4/19/2024 12:25,503475_1.tod,2.017 2.018 2.018,0.005 0.002 0.009,142.109,0,0,
503484_1,183,8.024,0.008,4.069,0.002,4/19/2024 12:32,503484_1.tod,2.017 2.018 2.018,0.005 0.002 0.009,142.579,0,0,
503484_2,141,8.032,0.007,3.914,0.013,4/19/2024 12:39,503484_2.tod,2.017 2.018 2.018,0.005 0.002 0.009,137.06,0,0,Titration problem or stopped by hand. Titrant volume and oxygen concentration recalculated on 2024-04-19 12:45:07.
503008_1,138,8.684,0.008,4.278,0.004,4/19/2024 12:47,503008_1.tod,2.017 2.018 2.018,0.005 0.002 0.009,138.598,0,0,
503487_1,5113,6.071,0.008,3.068,0.002,4/19/2024 14:22,503487_1.tod,2.017 2.018 2.018,0.005 0.002 0.009,141.935,0,0,
503494_1,5,7.423,0.008,3.706,0.003,4/19/2024 14:57,503494_1.tod,2.017 2.018 2.018,0.005 0.002 0.009,140.354,0,0,
503494_2,5058,7.437,0.008,3.735,0.006,4/19/2024 15:18,503494_2.tod,2.017 2.018 2.018,0.005 0.002 0.009,141.152,0,0,
503496`_1,5066,5.632,0.009,2.663,0.002,4/19/2024 15:25,503496`_1.tod,2.017 2.018 2.018,0.005 0.002 0.009,132.839,0,0,
503496_1,5090,5.629,0.009,2.79,0.004,4/19/2024 15:31,503496_1.tod,2.017 2.018 2.018,0.005 0.002 0.009,139.196,0,0,
503503_1,5072,7.419,0.008,3.499,0.004,4/19/2024 15:39,503503_1.tod,2.017 2.018 2.018,0.005 0.002 0.009,132.668,0,0,
503506_1,5152,4.766,0.009,2.465,0.003,4/19/2024 17:00,503506_1.tod,2.017 2.018 2.018,0.005 0.002 0.009,145.021,0,0,
503517_1,141,7.425,0.008,3.619,0.002,4/19/2024 17:14,503517_1.tod,2.017 2.018 2.018,0.005 0.002 0.009,137.06,0,0,
503517_2,5045,7.426,0.008,3.552,0.004,4/19/2024 17:22,503517_2.tod,2.017 2.018 2.018,0.005 0.002 0.009,134.563,0,0,
503519_1,5115,4.503,0.009,2.307,0.002,4/20/2024 5:39,503519_1.tod,2.017 2.018 2.018,0.005 0.002 0.009,143.66,0,0,
503519_2,5113,4.487,0.01,2.272,0.004,4/20/2024 6:06,503519_2.tod,2.017 2.018 2.018,0.005 0.002 0.009,141.935,0,0,
503530_1,138,8.753,0.007,4.312,0.003,4/20/2024 6:13,503530_1.tod,2.017 2.018 2.018,0.005 0.002 0.009,138.598,0,0,
503533_1,183,4.394,0.011,2.235,0.005,4/20/2024 6:21,503533_1.tod,2.017 2.018 2.018,0.005 0.002 0.009,142.579,0,0,
503544_1,5090,9.058,0.008,4.482,0.004,4/20/2024 6:29,503544_1.tod,2.017 2.018 2.018,0.005 0.002 0.009,139.196,0,0,
503544_2,5058,9.067,0.007,4.55,0.002,4/20/2024 6:37,503544_2.tod,2.017 2.018 2.018,0.005 0.002 0.009,141.152,0,0,
503546_1,5072,4.369,0.011,2.066,0.004,4/20/2024 6:44,503546_1.tod,2.017 2.018 2.018,0.005 0.002 0.009,132.668,0,0,
503546_2,5066,4.367,0.011,2.068,0.004,4/20/2024 6:50,503546_2.tod,2.017 2.018 2.018,0.005 0.002 0.009,132.839,0,0,
503557_1,5134,8.765,0.008,4.358,0.005,4/20/2024 6:57,503557_1.tod,2.017 2.018 2.018,0.005 0.002 0.009,139.879,0,0,
503560_1,5032,4.525,0.01,2.274,0.004,4/20/2024 7:05,503560_1.tod,2.017 2.018 2.018,0.005 0.002 0.009,140.911,0,0,
503571_1,5188,8.4,0.008,4.14,0.004,4/20/2024 7:12,503571_1.tod,2.017 2.018 2.018,0.005 0.002 0.009,138.618,0,0,
503571_2,5018,8.425,0.008,4.161,0.006,4/20/2024 8:09,503571_2.tod,2.017 2.018 2.018,0.005 0.002 0.009,138.916,0,0,
503573_1,5055,4.612,0.01,2.288,0.004,4/20/2024 8:47,503573_1.tod,2.017 2.018 2.018,0.005 0.002 0.009,139.13,0,0,
503573_2,5156,4.616,0.01,2.223,0.004,4/20/2024 8:54,503573_2.tod,2.017 2.018 2.018,0.005 0.002 0.009,135.136,0,0,
503584_1,131,8.76,0.008,4.264,0.004,4/20/2024 9:00,503584_1.tod,2.017 2.018 2.018,0.005 0.002 0.009,136.956,0,0,
503587_1,114,4.24,0.011,2.13,0.005,4/20/2024 9:08,503587_1.tod,2.017 2.018 2.018,0.005 0.002 0.009,140.84,0,0,
503598_1,5027,9.349,0.008,4.708,0.005,4/20/2024 9:15,503598_1.tod,2.017 2.018 2.018,0.005 0.002 0.009,141.663,0,0,
503598_2,5004,8.91,0.008,4.516,0.005,4/20/2024 9:23,503598_2.tod,2.017 2.018 2.018,0.005 0.002 0.009,142.553,0,0,
503601_1,5158,6.916,0.008,3.485,0.003,4/20/2024 9:30,503601_1.tod,2.017 2.018 2.018,0.005 0.002 0.009,141.607,0,0,
503601_2,5025,6.92,0.009,3.601,0.007,4/20/2024 9:37,503601_2.tod,2.017 2.018 2.018,0.005 0.002 0.009,146.16,0,0,
503608_1,5015,8.497,0.009,4.122,0.008,4/20/2024 9:45,503608_1.tod,2.017 2.018 2.018,0.005 0.002 0.009,136.492,0,0,
503009_1,5025,8.254,0.007,4.292,0.003,4/20/2024 14:28,503009_1.tod,2.017 2.018 2.018,0.005 0.002 0.009,146.16,0,0,
503010_1,5025,7.871,0.007,4.08,0.007,4/21/2024 14:56,503010_1.tod,2.011 2.009 2.013,0.004 0.006 0.005,146.16,0,0,
503611_1,5,5.994,0.007,2.985,0.001,4/21/2024 21:38,503611_1.tod,2.011 2.009 2.013,0.004 0.006 0.005,140.354,0,0,
503613_1,5045,5.926,0.007,2.829,0.003,4/21/2024 21:45,503613_1.tod,2.011 2.009 2.013,0.004 0.006 0.005,134.563,0,0,
503621_1,5032,8.204,0.006,4.098,0.004,4/21/2024 21:52,503621_1.tod,2.011 2.009 2.013,0.004 0.006 0.005,140.911,0,0,
503621_2,5072,8.189,0.006,3.848,0.003,4/21/2024 21:59,503621_2.tod,2.011 2.009 2.013,0.004 0.006 0.005,132.668,0,0,
503624_1,114,5.775,0.007,2.887,0.004,4/21/2024 22:05,503624_1.tod,2.011 2.009 2.013,0.004 0.006 0.005,140.84,0,0,
503624_2,121,5.582,0.008,2.808,0.004,4/21/2024 22:11,503624_2.tod,2.011 2.009 2.013,0.004 0.006 0.005,141.666,0,0,
503625_1,5055,5.904,0.007,2.915,0.003,4/21/2024 22:17,503625_1.tod,2.011 2.009 2.013,0.004 0.006 0.005,139.13,0,0,
503633_1,5156,8.168,0.006,3.91,0.002,4/21/2024 22:23,503633_1.tod,2.011 2.009 2.013,0.004 0.006 0.005,135.136,0,0,
503636_1,5058,6.061,0.006,3.036,0.001,4/22/2024 0:48,503636_1.tod,2.011 2.009 2.013,0.004 0.006 0.005,141.152,0,0,
503636_2,5018,6.043,0.006,2.979,0.002,4/22/2024 0:56,503636_2.tod,2.011 2.009 2.013,0.004 0.006 0.005,138.916,0,0,
503639_1,5090,5.706,0.007,2.819,0.003,4/22/2024 1:04,503639_1.tod,2.011 2.009 2.013,0.004 0.006 0.005,139.196,0,0,
503647_1,183,8.087,0.007,4.088,0.005,4/22/2024 1:13,503647_1.tod,2.011 2.009 2.013,0.004 0.006 0.005,142.579,0,0,
503650_1,138,6.156,0.007,3.027,0.002,4/22/2024 5:02,503650_1.tod,2.011 2.009 2.013,0.004 0.006 0.005,138.598,0,0,
503650_2,5115,6.141,0.006,3.131,0.001,4/22/2024 5:08,503650_2.tod,2.011 2.009 2.013,0.004 0.006 0.005,143.66,0,0,
503653_1,5113,5.522,0.007,2.783,0.003,4/22/2024 5:13,503653_1.tod,2.011 2.009 2.013,0.004 0.006 0.005,141.935,0,0,
503661_1,5066,2.901,0.01,1.373,0.003,4/22/2024 5:40,503661_1.tod,2.011 2.009 2.013,0.004 0.006 0.005,132.839,1.1,0,needs to be re calculated T1=2.4; T2=1.373
503664_1,5134,6.188,0.007,3.071,0.002,4/22/2024 13:16,503664_1.tod,2.011 2.009 2.013,0.004 0.006 0.005,139.879,0,0,
503667_1,5152,5.74,0.007,2.956,0.003,4/22/2024 13:24,503667_1.tod,2.011 2.009 2.013,0.004 0.006 0.005,145.021,0,0,
503675_1,141,8.283,0.007,4.023,0.007,4/22/2024 13:31,503675_1.tod,2.011 2.009 2.013,0.004 0.006 0.005,137.06,0,0,
503675_2,5188,8.293,0.006,4.074,0.002,4/22/2024 13:40,503675_2.tod,2.011 2.009 2.013,0.004 0.006 0.005,138.618,0,0,
503011_1,5066,8.254,0.006,3.883,0.003,4/22/2024 13:47,503011_1.tod,2.011 2.009 2.013,0.004 0.006 0.005,132.839,0,0,
503678_1,5,8.034,0.006,3.997,0.002,4/22/2024 23:46,503678_1.tod,2.011 2.009 2.013,0.004 0.006 0.005,140.354,0,0,
503680_1,5045,8.073,0.006,3.848,0.003,4/22/2024 23:57,503680_1.tod,2.011 2.009 2.013,0.004 0.006 0.005,134.563,0,0,
503680_2,5032,8.084,0.006,4.038,0.003,4/23/2024 0:06,503680_2.tod,2.011 2.009 2.013,0.004 0.006 0.005,140.911,0,0,
503683_1,5025,7.851,0.006,4.07,0.004,4/23/2024 0:21,503683_1.tod,2.011 2.009 2.013,0.004 0.006 0.005,146.16,0,0,
503683_2,5004,7.858,0.007,3.972,0.005,4/23/2024 0:28,503683_2.tod,2.011 2.009 2.013,0.004 0.006 0.005,142.553,0,0,
503687_1,5027,8.443,0.006,4.24,0.002,4/23/2024 0:36,503687_1.tod,2.011 2.009 2.013,0.004 0.006 0.005,141.663,0,0,
503690_1,5015,7.745,0.007,3.746,0.005,4/23/2024 0:42,503690_1.tod,2.011 2.009 2.013,0.004 0.006 0.005,136.492,0,0,
503696_1,5156,8.068,0.007,3.863,0.004,4/23/2024 4:36,503696_1.tod,2.011 2.009 2.013,0.004 0.006 0.005,135.136,0,0,
503696_2,131,8.076,0.006,3.919,0.003,4/23/2024 4:44,503696_2.tod,2.011 2.009 2.013,0.004 0.006 0.005,136.956,0,0,
503699_1,183,3.964,0.009,2.011,0.004,4/23/2024 4:54,503699_1.tod,2.011 2.009 2.013,0.004 0.006 0.005,142.579,0,0,
503699_2,5090,3.954,0.009,1.958,0.004,4/23/2024 5:02,503699_2.tod,2.011 2.009 2.013,0.004 0.006 0.005,139.196,0,0,
503708_1,5115,8.079,0.006,4.115,0.002,4/23/2024 5:09,503708_1.tod,2.011 2.009 2.013,0.004 0.006 0.005,143.66,0,0,
503711_1,5113,5.535,0.007,2.789,0.003,4/23/2024 5:16,503711_1.tod,2.011 2.009 2.013,0.004 0.006 0.005,141.935,0,0,
503720_1,5188,8.189,0.006,4.023,0.004,4/23/2024 5:23,503720_1.tod,2.011 2.009 2.013,0.004 0.006 0.005,138.618,0,0,
503720_2,5152,8.178,0.006,4.206,0.003,4/23/2024 5:30,503720_2.tod,2.011 2.009 2.013,0.004 0.006 0.005,145.021,0,0,
503723_1,5066,5.423,0.008,2.556,0.005,4/23/2024 5:38,503723_1.tod,2.011 2.009 2.013,0.004 0.006 0.005,132.839,0,0,
503723_2,5134,5.423,0.007,2.693,0.002,4/23/2024 5:46,503723_2.tod,2.011 2.009 2.013,0.004 0.006 0.005,139.879,0,0,
503732_1,5058,8.125,0.006,4.065,0.002,4/23/2024 5:54,503732_1.tod,2.011 2.009 2.013,0.004 0.006 0.005,141.152,0,0,
503735_1,5018,5.745,0.007,2.833,0.002,4/23/2024 7:46,503735_1.tod,2.011 2.009 2.013,0.004 0.006 0.005,138.916,0,0,
503736_1,138,5.241,0.007,2.579,0.002,4/23/2024 7:55,503736_1.tod,2.011 2.009 2.013,0.004 0.006 0.005,138.598,0,0,
503744_1,141,8.309,0.006,4.035,0.003,4/23/2024 8:02,503744_1.tod,2.011 2.009 2.013,0.004 0.006 0.005,137.06,0,0,
503744_2,114,8.309,0.006,4.148,0.004,4/23/2024 8:10,503744_2.tod,2.011 2.009 2.013,0.004 0.006 0.005,140.84,0,0,
503747_1,5055,5.504,0.007,2.718,0.004,4/23/2024 11:19,503747_1.tod,2.011 2.009 2.013,0.004 0.006 0.005,139.13,0,0,
503747_2,5072,5.501,0.007,2.589,0.003,4/23/2024 11:26,503747_2.tod,2.011 2.009 2.013,0.004 0.006 0.005,132.668,0,0,
503748_1,5158,4.018,0.009,2.024,0.005,4/23/2024 12:36,503748_1.tod,2.011 2.009 2.013,0.004 0.006 0.005,141.607,0,0,
503756_1,5058,8.067,0.007,4.036,0.005,4/23/2024 13:22,503756_1.tod,2.011 2.009 2.013,0.004 0.006 0.005,141.152,0,0,
503759_1,114,5.334,0.007,2.668,0.003,4/23/2024 14:45,503759_1.tod,2.011 2.009 2.013,0.004 0.006 0.005,140.84,0,0,
503767_1,141,8.797,0.006,4.271,0.002,4/23/2024 15:09,503767_1.tod,2.011 2.009 2.013,0.004 0.006 0.005,137.06,0,0,
503767_2,5018,8.794,0.006,4.328,0.005,4/23/2024 15:17,503767_2.tod,2.011 2.009 2.013,0.004 0.006 0.005,138.916,0,0,
503770_1,5188,7.906,0.006,3.885,0.004,4/23/2024 15:25,503770_1.tod,2.011 2.009 2.013,0.004 0.006 0.005,138.618,0,0,
503770_2,5066,7.907,0.006,3.72,0.004,4/23/2024 15:33,503770_2.tod,2.011 2.009 2.013,0.004 0.006 0.005,132.839,0,0,
503777_1,5113,8.51,0.006,4.282,0.003,4/23/2024 15:41,503777_1.tod,2.011 2.009 2.013,0.004 0.006 0.005,141.935,0,0,
503012_1,5,8.428,0.006,4.192,0.003,4/23/2024 15:48,503012_1.tod,2.011 2.009 2.013,0.004 0.006 0.005,140.354,0,0,
503013_1,114,7.42,0.007,3.706,0.006,4/24/2024 14:33,503013_1.tod,2.011 2.009 2.013,0.004 0.006 0.005,140.84,0,0,
503014_1,5058,7.64,0.008,3.824,0.003,4/27/2024 17:14,503014_1.tod,2.015 2.007 2.010,0.006 0.006 0.001,141.152,0,0,
503783_1,131,5.232,0.009,2.544,0.002,4/28/2024 4:30,503783_1.tod,2.015 2.007 2.010,0.006 0.006 0.001,136.956,0,0,
503792_1,138,7.462,0.007,3.666,0.001,4/28/2024 4:37,503792_1.tod,2.015 2.007 2.010,0.006 0.006 0.001,138.598,0,0,
503792_2,5115,7.462,0.007,3.802,0.002,4/28/2024 4:44,503792_2.tod,2.015 2.007 2.010,0.006 0.006 0.001,143.66,0,0,
503795_1,5156,5.961,0.008,2.858,0.003,4/28/2024 4:52,503795_1.tod,2.015 2.007 2.010,0.006 0.006 0.001,135.136,0,0,
503797_1,5152,4.882,0.009,2.516,0.004,4/28/2024 5:01,503797_1.tod,2.015 2.007 2.010,0.006 0.006 0.001,145.021,0,0,
503806_1,5090,8.017,0.007,3.955,0.001,4/28/2024 5:10,503806_1.tod,2.015 2.007 2.010,0.006 0.006 0.001,139.196,0,0,
503806_2,183,8.004,0.008,4.046,0.003,4/28/2024 5:19,503806_2.tod,2.015 2.007 2.010,0.006 0.006 0.001,142.579,0,0,
503809_1,5015,7.881,0.008,3.812,0.003,4/28/2024 8:07,503809_1.tod,2.015 2.007 2.010,0.006 0.006 0.001,136.492,0,0,
503809_2,5045,7.882,0.008,3.758,0.003,4/28/2024 8:14,503809_2.tod,2.015 2.007 2.010,0.006 0.006 0.001,134.563,0,0,
503814_1,5032,7.919,0.008,3.956,0.003,4/28/2024 8:22,503814_1.tod,2.015 2.007 2.010,0.006 0.006 0.001,140.911,0,0,
503817_1,5027,6.671,0.008,3.352,0.003,4/28/2024 12:19,503817_1.tod,2.015 2.007 2.010,0.006 0.006 0.001,141.663,0,0,
503825_1,5004,7.877,0.008,3.981,0.003,4/28/2024 12:31,503825_1.tod,2.015 2.007 2.010,0.006 0.006 0.001,142.553,0,0,
503825_2,5025,7.878,0.008,4.084,0.004,4/28/2024 12:39,503825_2.tod,2.015 2.007 2.010,0.006 0.006 0.001,146.16,0,0,
503015_1,5115,7.912,0.007,4.03,0.003,4/28/2024 12:47,503015_1.tod,2.015 2.007 2.010,0.006 0.006 0.001,143.66,0,0,
503828_1,5090,6.68,0.008,3.298,0.003,4/28/2024 15:45,503828_1.tod,2.015 2.007 2.010,0.006 0.006 0.001,139.196,0,0,
503828_2,5152,6.682,0.008,3.439,0.004,4/28/2024 15:53,503828_2.tod,2.015 2.007 2.010,0.006 0.006 0.001,145.021,0,0,
503835_1,5156,7.915,0.007,3.79,0.002,4/28/2024 16:02,503835_1.tod,2.015 2.007 2.010,0.006 0.006 0.001,135.136,0,0,
503838_1,131,6.401,0.008,3.109,0.002,4/28/2024 23:21,503838_1.tod,2.015 2.007 2.010,0.006 0.006 0.001,136.956,0,0,
503846_1,183,8.285,0.008,4.188,0.002,4/28/2024 23:29,503846_1.tod,2.015 2.007 2.010,0.006 0.006 0.001,142.579,0,0,
503846_2,138,8.141,0.008,3.999,0.004,4/28/2024 23:37,503846_2.tod,2.015 2.007 2.010,0.006 0.006 0.001,138.598,0,0,
503849_1,5027,6.497,0.009,3.265,0.005,4/28/2024 23:45,503849_1.tod,2.015 2.007 2.010,0.006 0.006 0.001,141.663,0,0,
503849_2,5004,6.208,0.008,3.141,0.003,4/28/2024 23:52,503849_2.tod,2.015 2.007 2.010,0.006 0.006 0.001,142.553,0,0,
503857_1,5090,8.202,0.008,4.046,0.004,4/29/2024 0:10,503857_1.tod,2.015 2.007 2.010,0.006 0.006 0.001,139.196,0,0,
503860_1,5045,7.729,0.008,3.685,0.003,4/29/2024 0:20,503860_1.tod,2.015 2.007 2.010,0.006 0.006 0.001,134.563,0,0,
503867_1,5032,8.344,0.007,4.167,0.001,4/29/2024 0:30,503867_1.tod,2.015 2.007 2.010,0.006 0.006 0.001,140.911,0,0,
503867_2,5015,8.332,0.007,4.029,0.002,4/29/2024 0:40,503867_2.tod,2.015 2.007 2.010,0.006 0.006 0.001,136.492,0,0,
503870_1,5018,3.788,0.01,1.872,0.002,4/29/2024 11:43,503870_1.tod,2.015 2.007 2.010,0.006 0.006 0.001,138.916,0,0,
503870_2,5134,3.761,0.01,1.872,0.003,4/29/2024 11:49,503870_2.tod,2.015 2.007 2.010,0.006 0.006 0.001,139.879,0,0,
503880_1,5066,8.014,0.008,3.771,0.003,4/29/2024 12:50,503880_1.tod,2.015 2.007 2.010,0.006 0.006 0.001,132.839,0,0,
503885_1,5058,3.133,0.012,1.576,0.004,4/29/2024 13:05,503885_1.tod,2.015 2.007 2.010,0.006 0.006 0.001,141.152,0,0,
503883_1,5055,4.103,0.01,2.03,0.003,4/29/2024 13:14,503883_1.tod,2.015 2.007 2.010,0.006 0.006 0.001,139.13,0,0,
503895_1,5113,8.051,0.008,4.051,0.003,4/29/2024 13:48,503895_1.tod,2.015 2.007 2.010,0.006 0.006 0.001,141.935,0,0,
503895_2,5,8.066,0.008,4.013,0.002,4/29/2024 14:58,503895_2.tod,2.015 2.007 2.010,0.006 0.006 0.001,140.354,0,0,
503016_1,5058,8.127,0.008,4.066,0.006,4/29/2024 15:06,503016_1.tod,2.015 2.007 2.010,0.006 0.006 0.001,141.152,0,0,
503898_1,5158,4,0.011,2.015,0.006,4/29/2024 16:39,503898_1.tod,2.015 2.007 2.010,0.006 0.006 0.001,141.607,0,0,
503898_2,114,3.966,0.01,1.987,0.003,4/29/2024 16:47,503898_2.tod,2.015 2.007 2.010,0.006 0.006 0.001,140.84,0,0,
503900_1,5072,2.812,0.014,1.33,0.005,4/29/2024 16:54,503900_1.tod,2.015 2.007 2.010,0.006 0.006 0.001,132.668,0.8,0,
503910_1,5188,8.084,0.008,3.971,0.004,4/29/2024 17:00,503910_1.tod,2.015 2.007 2.010,0.006 0.006 0.001,138.618,0,0,
503913_1,141,3.137,0.011,1.532,0.002,4/29/2024 23:59,503913_1.tod,2.015 2.007 2.010,0.006 0.006 0.001,137.06,0,0,
503914_1,5090,2.766,0.011,1.373,0.002,4/30/2024 0:06,503914_1.tod,2.015 2.007 2.010,0.006 0.006 0.001,139.196,1,0,
503924_1,5045,8.318,0.008,3.965,0.004,4/30/2024 0:14,503924_1.tod,2.015 2.007 2.010,0.006 0.006 0.001,134.563,0,0,
503924_2,5032,8.308,0.007,4.15,0.003,4/30/2024 0:23,503924_2.tod,2.015 2.007 2.010,0.006 0.006 0.001,140.911,0,0,
503927_1,138,3.436,0.01,1.695,0.002,4/30/2024 0:33,503927_1.tod,2.015 2.007 2.010,0.006 0.006 0.001,138.598,0,0,
503927_2,5015,3.414,0.01,1.658,0.002,4/30/2024 0:40,503927_2.tod,2.015 2.007 2.010,0.006 0.006 0.001,136.492,0,0,
503936_1,5027,8.781,0.007,4.409,0.002,4/30/2024 0:48,503936_1.tod,2.015 2.007 2.010,0.006 0.006 0.001,141.663,0,0,
503939_1,5025,6.448,0.008,3.345,0.002,4/30/2024 0:58,503939_1.tod,2.015 2.007 2.010,0.006 0.006 0.001,146.16,0,0,
503945_1,5156,8.322,0.007,3.984,0.002,4/30/2024 1:07,503945_1.tod,2.015 2.007 2.010,0.006 0.006 0.001,135.136,0,0,
503945_2,5152,8.322,0.007,4.279,0.002,4/30/2024 1:15,503945_2.tod,2.015 2.007 2.010,0.006 0.006 0.001,145.021,0,0,
503017_1,5158,NaN,NaN,NaN,NaN,4/30/2024 12:57,503017_1.tod,2.015 2.007 2.010,0.006 0.006 0.001,141.607,NaN,NaN,Titration problem or stopped by hand.
503017_2,5158,7.831,0.007,3.932,0.002,4/30/2024 12:58,503017_2.tod,2.015 2.007 2.010,0.006 0.006 0.001,141.607,0,0,
503949_1,5070,5.197,0.009,2.676,0.003,5/1/2024 2:40,503949_1.tod,2.015 2.007 2.010,0.006 0.006 0.001,144.924,0,0,
503949_2,5096,5.179,0.008,2.575,0.001,5/1/2024 2:49,503949_2.tod,2.015 2.007 2.010,0.006 0.006 0.001,140.034,0,0,
503957_1,5113,7.794,0.008,3.922,0.004,5/1/2024 2:58,503957_1.tod,2.015 2.007 2.010,0.006 0.006 0.001,141.935,0,0,
